CREATE DATABASE  IF NOT EXISTS `almacen` /*!40100 DEFAULT CHARACTER SET latin1 */ /*!80016 DEFAULT ENCRYPTION='N' */;
USE `almacen`;
-- MySQL dump 10.13  Distrib 8.0.28, for Win64 (x86_64)
--
-- Host: 159.65.229.26    Database: almacen
-- ------------------------------------------------------
-- Server version	8.0.26

/*!40101 SET @OLD_CHARACTER_SET_CLIENT=@@CHARACTER_SET_CLIENT */;
/*!40101 SET @OLD_CHARACTER_SET_RESULTS=@@CHARACTER_SET_RESULTS */;
/*!40101 SET @OLD_COLLATION_CONNECTION=@@COLLATION_CONNECTION */;
/*!50503 SET NAMES utf8 */;
/*!40103 SET @OLD_TIME_ZONE=@@TIME_ZONE */;
/*!40103 SET TIME_ZONE='+00:00' */;
/*!40014 SET @OLD_UNIQUE_CHECKS=@@UNIQUE_CHECKS, UNIQUE_CHECKS=0 */;
/*!40014 SET @OLD_FOREIGN_KEY_CHECKS=@@FOREIGN_KEY_CHECKS, FOREIGN_KEY_CHECKS=0 */;
/*!40101 SET @OLD_SQL_MODE=@@SQL_MODE, SQL_MODE='NO_AUTO_VALUE_ON_ZERO' */;
/*!40111 SET @OLD_SQL_NOTES=@@SQL_NOTES, SQL_NOTES=0 */;

--
-- Table structure for table `bajas`
--

DROP TABLE IF EXISTS `bajas`;
/*!40101 SET @saved_cs_client     = @@character_set_client */;
/*!50503 SET character_set_client = utf8mb4 */;
CREATE TABLE `bajas` (
  `baj_pro_codigo` decimal(12,0) NOT NULL,
  `baj_correlativo` decimal(12,0) NOT NULL,
  `baj_cantidad` decimal(8,0) NOT NULL,
  `baj_precio` decimal(9,2) NOT NULL,
  `baj_usuario` varchar(15) NOT NULL,
  `baj_fecha` date DEFAULT NULL,
  `baj_total` decimal(9,2) DEFAULT NULL,
  PRIMARY KEY (`baj_pro_codigo`,`baj_correlativo`)
) ENGINE=InnoDB DEFAULT CHARSET=latin1;
/*!40101 SET character_set_client = @saved_cs_client */;

--
-- Dumping data for table `bajas`
--

LOCK TABLES `bajas` WRITE;
/*!40000 ALTER TABLE `bajas` DISABLE KEYS */;
INSERT INTO `bajas` VALUES (106,1,1,100.00,'1','2022-09-01',100.00);
/*!40000 ALTER TABLE `bajas` ENABLE KEYS */;
UNLOCK TABLES;

--
-- Table structure for table `cliente`
--

DROP TABLE IF EXISTS `cliente`;
/*!40101 SET @saved_cs_client     = @@character_set_client */;
/*!50503 SET character_set_client = utf8mb4 */;
CREATE TABLE `cliente` (
  `CL_ID` int NOT NULL,
  `CL_NOMBRE` varchar(150) DEFAULT NULL,
  `CL_NIT` varchar(15) DEFAULT NULL,
  `CL_DIRECCION` varchar(150) DEFAULT NULL,
  `CL_TELEFONO` int DEFAULT NULL,
  `CL_FECHA_ALTA` date DEFAULT NULL,
  `CL_USUARIO_ALTA` varchar(20) DEFAULT NULL,
  `CL_FECHA_MODIFICA` date DEFAULT NULL,
  `CL_USUARIO_MODIFICA` varchar(20) DEFAULT NULL,
  `CL_CORREO` varchar(50) DEFAULT NULL,
  PRIMARY KEY (`CL_ID`)
) ENGINE=InnoDB DEFAULT CHARSET=latin1;
/*!40101 SET character_set_client = @saved_cs_client */;

--
-- Dumping data for table `cliente`
--

LOCK TABLES `cliente` WRITE;
/*!40000 ALTER TABLE `cliente` DISABLE KEYS */;
INSERT INTO `cliente` VALUES (1,'consuidor final','1','iztapa',45458745,'2022-01-01','2022-1-12','2022-01-15',NULL,'sergio@gmail.com'),(2,'GRUPO MARGALEN, S.A','36953326','CIUDAD',31577080,'2022-03-25','ROCIO',NULL,NULL,'PENDIENTE'),(3,'GRANJA COLONIAL ','89670116','LOS ANGELES',57080453,'2022-03-25','ROCIO',NULL,NULL,'PENDIENTE'),(4,'SEGUROS EN GUATEMALA,CORREDORES DE SEGUROS, S.A','105075191','CIUDAD',51783456,'2022-03-25','ROCIO',NULL,NULL,'PENDIENTE'),(5,'JOSE MORALES ','690744K','CIUDAD',40979765,'2022-03-25','ROCIO',NULL,NULL,'PENDIENTE'),(6,'ABNER EDUARDO, ESCOBAR HERNANDEZ','52879909','CIUDAD',40979765,'2022-03-25','ROCIO',NULL,NULL,'PENDIENTE'),(7,'BRISAS 12, S.A','111388600','CIUDAD',31577080,'2022-03-25','JULIS',NULL,NULL,'PENDIENTE'),(8,'PROVEEDOR','78968587','ESCUINTLA',58969858,'2022-03-25','1',NULL,NULL,'SCHEJO'),(9,'JORGE MARIO VARGAS','1234555555','IZTAPA ESCUINTLA',42468997,'2022-03-25','SYSTEM',NULL,NULL,'GORGE@GMAIL.COM'),(10,'RAMY','10','AQUI',54862335,'2022-03-25','SYSTEM',NULL,NULL,'RAMY0@GMAIL'),(11,'RA','666','ALLA',65656666,'2022-03-25','1',NULL,NULL,'AYER@GMAIL'),(12,'SCOPUS, S.A.','5756650','CIUDAD',36168949,'2022-03-26','JULIS',NULL,NULL,'JACKIVARGAS2005@GMAIL.COM'),(13,'POOL CENTER S.A.','53917065','CIUDAD',56318979,'2022-03-26','JULIS',NULL,NULL,'NO'),(14,'GRUPO STI, S.A.','9810858-1','CIUDAD',41287033,'2022-03-26','JULIS',NULL,NULL,'NO'),(15,'TERRA SOLUCIONES, S.A.','52201740','3RA CALLE 8-68 ZONA 10',41287033,'2022-03-26','JULIS',NULL,NULL,'NO'),(16,'MUNICIPALIDAD SAN JOSE','4143914','PUERTO SAN JOSE, ESCUINTLA',47742005,'2022-03-26','JULIS',NULL,NULL,'NO'),(17,'BACOBRISAS, S.A.','110270762','CIUDAD',55868475,'2022-03-26','JULIS',NULL,NULL,'NO'),(18,'FUTUROS CONSTRUCTIVOS SOBRE LA ROCA, S.A.','47250763','18CALLE24-69ZONA10ZONAPRADERA',54108065,'2022-03-26','JULIS',NULL,NULL,'NO'),(19,'DIZANO S.A.','85739359','CIUDAD',57033139,'2022-03-26','JULIS',NULL,NULL,'NO'),(20,'AINPRO CONSTRUCTION GROUP, S.A.','91307201','CIUDAD',47740849,'2022-03-26','JULIS',NULL,NULL,'NO'),(21,'FRANCISCO AROLDO, PEREIRA OLIVARES','50249622','CIUDAD',40772937,'2022-03-26','JULIS',NULL,NULL,'NO'),(22,'VENTAJA  COMERCIAL, S. A.','48579181','CIUDAD',57041226,'2022-03-26','JULIS',NULL,NULL,'NO');
/*!40000 ALTER TABLE `cliente` ENABLE KEYS */;
UNLOCK TABLES;

--
-- Table structure for table `detalle_prefactura`
--

DROP TABLE IF EXISTS `detalle_prefactura`;
/*!40101 SET @saved_cs_client     = @@character_set_client */;
/*!50503 SET character_set_client = utf8mb4 */;
CREATE TABLE `detalle_prefactura` (
  `det_prefac_id` int NOT NULL,
  `det_pro_id` int NOT NULL,
  `det_precio_venta` decimal(12,2) DEFAULT NULL,
  `det_descuento` decimal(12,2) DEFAULT NULL,
  `det_cantidad` int DEFAULT NULL,
  PRIMARY KEY (`det_prefac_id`,`det_pro_id`),
  KEY `det_pro_id` (`det_pro_id`),
  CONSTRAINT `detalle_prefactura_ibfk_1` FOREIGN KEY (`det_prefac_id`) REFERENCES `prefactura` (`prefac_id`),
  CONSTRAINT `detalle_prefactura_ibfk_2` FOREIGN KEY (`det_pro_id`) REFERENCES `productos` (`pro_id`)
) ENGINE=InnoDB DEFAULT CHARSET=latin1;
/*!40101 SET character_set_client = @saved_cs_client */;

--
-- Dumping data for table `detalle_prefactura`
--

LOCK TABLES `detalle_prefactura` WRITE;
/*!40000 ALTER TABLE `detalle_prefactura` DISABLE KEYS */;
INSERT INTO `detalle_prefactura` VALUES (1,337,12.00,0.00,8),(2,781,70.00,35.00,3),(3,787,55.00,0.00,2),(3,852,18.00,0.00,1),(4,786,33.00,0.00,2),(5,456,105.00,0.00,1),(6,852,18.00,0.00,2),(7,286,20.00,0.00,10);
/*!40000 ALTER TABLE `detalle_prefactura` ENABLE KEYS */;
UNLOCK TABLES;

--
-- Table structure for table `factura`
--

DROP TABLE IF EXISTS `factura`;
/*!40101 SET @saved_cs_client     = @@character_set_client */;
/*!50503 SET character_set_client = utf8mb4 */;
CREATE TABLE `factura` (
  `fac_serie` varchar(5) NOT NULL DEFAULT '',
  `fac_numero` int NOT NULL DEFAULT '0',
  `fac_pre_numero` int DEFAULT NULL,
  `fac_estado` char(1) DEFAULT NULL,
  `fac_tipo_pago` char(1) DEFAULT NULL,
  `fac_subtotal` decimal(12,2) DEFAULT NULL,
  `fac_total` decimal(12,2) DEFAULT NULL,
  `fac_descuento` decimal(12,2) DEFAULT NULL,
  `fac_fecha_alta` datetime DEFAULT NULL,
  `fac_usuario_alta` varchar(20) DEFAULT NULL,
  `fac_fecha_modifica` datetime DEFAULT NULL,
  `fac_pago_efectivo` decimal(12,2) DEFAULT NULL,
  `fac_pago_tarjeta` decimal(12,2) DEFAULT NULL,
  `fac_referencia` varchar(25) DEFAULT NULL,
  `fac_pago_credito` decimal(12,2) DEFAULT NULL,
  `fac_serie_dte` varchar(25) DEFAULT NULL,
  `fac_numero_dte` varchar(30) DEFAULT NULL,
  `fac_autorizacion` varchar(50) DEFAULT NULL,
  `fac_fecha_certificacion` datetime DEFAULT NULL,
  `fac_nit_certificador` varchar(20) DEFAULT NULL,
  `fac_nombre_certificador` varchar(100) DEFAULT NULL,
  `fac_cambio` decimal(12,2) DEFAULT NULL,
  `fac_recibido` decimal(12,2) DEFAULT NULL,
  PRIMARY KEY (`fac_serie`,`fac_numero`),
  KEY `fac_pre_numero` (`fac_pre_numero`),
  CONSTRAINT `factura_ibfk_1` FOREIGN KEY (`fac_pre_numero`) REFERENCES `prefactura` (`prefac_id`)
) ENGINE=InnoDB DEFAULT CHARSET=latin1;
/*!40101 SET character_set_client = @saved_cs_client */;

--
-- Dumping data for table `factura`
--

LOCK TABLES `factura` WRITE;
/*!40000 ALTER TABLE `factura` DISABLE KEYS */;
INSERT INTO `factura` VALUES ('A',1,1,'E','E',96.00,96.00,0.00,'2022-05-02 11:35:17','1',NULL,96.00,0.00,'N/A',0.00,'1D552B99','123456789','1D552B99-B610-4916-A1B5-A3CF8001BD7F','2021-05-01 14:00:00','50510231','MEGAPRINT S.A.',4.00,100.00),('A',2,2,'E','E',210.00,105.00,105.00,'2022-05-02 12:15:15','1',NULL,105.00,0.00,'N/A',0.00,'1D552B99','123456789','1D552B99-B610-4916-A1B5-A3CF8001BD7F','2021-05-01 14:00:00','50510231','MEGAPRINT S.A.',5.00,110.00),('A',3,3,'E','E',128.00,128.00,0.00,'2022-08-11 20:26:43','1',NULL,128.00,0.00,'N/A',0.00,'1D552B99','123456789','1D552B99-B610-4916-A1B5-A3CF8001BD7F','2021-05-01 14:00:00','50510231','MEGAPRINT S.A.',2.00,130.00),('A',4,4,'E','E',66.00,66.00,0.00,'2022-09-13 17:08:47','1',NULL,66.00,0.00,'N/A',0.00,'1D552B99','123456789','1D552B99-B610-4916-A1B5-A3CF8001BD7F','2021-05-01 14:00:00','50510231','MEGAPRINT S.A.',34.00,100.00),('A',5,5,'E','E',105.00,105.00,0.00,'2022-09-13 17:58:50','1',NULL,105.00,0.00,'N/A',0.00,'1D552B99','123456789','1D552B99-B610-4916-A1B5-A3CF8001BD7F','2021-05-01 14:00:00','50510231','MEGAPRINT S.A.',15.00,120.00),('A',6,6,'E','E',36.00,36.00,0.00,'2022-09-13 18:07:42','1',NULL,36.00,0.00,'N/A',0.00,'1D552B99','123456789','1D552B99-B610-4916-A1B5-A3CF8001BD7F','2021-05-01 14:00:00','50510231','MEGAPRINT S.A.',64.00,100.00),('A',7,7,'E','E',200.00,200.00,0.00,'2022-09-14 11:53:42','1',NULL,200.00,0.00,'N/A',0.00,'1D552B99','123456789','1D552B99-B610-4916-A1B5-A3CF8001BD7F','2021-05-01 14:00:00','50510231','MEGAPRINT S.A.',0.00,200.00);
/*!40000 ALTER TABLE `factura` ENABLE KEYS */;
UNLOCK TABLES;

--
-- Table structure for table `mov_productos`
--

DROP TABLE IF EXISTS `mov_productos`;
/*!40101 SET @saved_cs_client     = @@character_set_client */;
/*!50503 SET character_set_client = utf8mb4 */;
CREATE TABLE `mov_productos` (
  `mov_pro_codigo` decimal(12,0) NOT NULL,
  `mov_correlativo` decimal(12,0) NOT NULL,
  `mov_precio_unitario` decimal(9,2) NOT NULL,
  `mov_fecha_ingreso` date NOT NULL,
  `mov_fecha_vence` date DEFAULT NULL,
  `mov_vendedor` varchar(50) DEFAULT NULL,
  `mov_cantidad` decimal(8,0) DEFAULT NULL,
  `mov_usuario` varchar(50) DEFAULT NULL,
  PRIMARY KEY (`mov_pro_codigo`,`mov_correlativo`)
) ENGINE=InnoDB DEFAULT CHARSET=latin1;
/*!40101 SET character_set_client = @saved_cs_client */;

--
-- Dumping data for table `mov_productos`
--

LOCK TABLES `mov_productos` WRITE;
/*!40000 ALTER TABLE `mov_productos` DISABLE KEYS */;
INSERT INTO `mov_productos` VALUES (3,1,75.00,'2022-03-18',NULL,'CEMENTOS PROGRESO',10,'Julis'),(5,1,10.00,'2022-03-23',NULL,'DISTRIBUIDORA',10,'1'),(5,2,11.00,'2022-03-23',NULL,'DISTRIBUIDORA',10,'1'),(5,3,10.00,'2022-03-23',NULL,'DISTRIBUIRORA',10,'1'),(50,1,100.00,'2022-08-11',NULL,'SERGIO',5,'1'),(106,1,1000.00,'2022-09-01',NULL,'PRUEBA',2,'1'),(882,1,10.00,'2022-05-02',NULL,'PRUEBA',10,'1');
/*!40000 ALTER TABLE `mov_productos` ENABLE KEYS */;
UNLOCK TABLES;

--
-- Table structure for table `prefactura`
--

DROP TABLE IF EXISTS `prefactura`;
/*!40101 SET @saved_cs_client     = @@character_set_client */;
/*!50503 SET character_set_client = utf8mb4 */;
CREATE TABLE `prefactura` (
  `prefac_id` int NOT NULL,
  `prefac_cl_id` int DEFAULT NULL,
  `prefac_usu_id` decimal(6,0) DEFAULT NULL,
  `prefac_estado` char(1) DEFAULT NULL,
  `PREFAC_SUBTOTAL` decimal(12,2) DEFAULT NULL,
  `PREFAC_TOTAL` decimal(12,2) DEFAULT NULL,
  `PREFAC_DESCUENTO` decimal(12,2) DEFAULT NULL,
  `PREFAC_FECHA_ALTA` datetime DEFAULT NULL,
  `PREFAC_USUARIO_ALTA` varchar(20) DEFAULT NULL,
  `PREFAC_FECHA_MODIFICA` datetime DEFAULT NULL,
  `PREFAC_USUARIO_MODIFICA` varchar(20) DEFAULT NULL,
  PRIMARY KEY (`prefac_id`),
  KEY `prefac_cl_id` (`prefac_cl_id`),
  KEY `prefac_usu_id` (`prefac_usu_id`),
  CONSTRAINT `prefactura_ibfk_1` FOREIGN KEY (`prefac_cl_id`) REFERENCES `cliente` (`CL_ID`),
  CONSTRAINT `prefactura_ibfk_2` FOREIGN KEY (`prefac_usu_id`) REFERENCES `usuarios` (`usu_codigo`)
) ENGINE=InnoDB DEFAULT CHARSET=latin1;
/*!40101 SET character_set_client = @saved_cs_client */;

--
-- Dumping data for table `prefactura`
--

LOCK TABLES `prefactura` WRITE;
/*!40000 ALTER TABLE `prefactura` DISABLE KEYS */;
INSERT INTO `prefactura` VALUES (1,1,2,'E',96.00,96.00,0.00,'2022-05-02 11:35:17','1',NULL,NULL),(2,1,2,'E',210.00,105.00,105.00,'2022-05-02 12:15:15','1',NULL,NULL),(3,2,2,'E',128.00,128.00,0.00,'2022-08-11 20:26:43','1',NULL,NULL),(4,1,2,'E',66.00,66.00,0.00,'2022-09-13 17:08:47','1',NULL,NULL),(5,1,2,'E',105.00,105.00,0.00,'2022-09-13 17:58:50','1',NULL,NULL),(6,1,2,'E',36.00,36.00,0.00,'2022-09-13 18:07:42','1',NULL,NULL),(7,1,2,'E',200.00,200.00,0.00,'2022-09-14 11:53:41','1',NULL,NULL);
/*!40000 ALTER TABLE `prefactura` ENABLE KEYS */;
UNLOCK TABLES;

--
-- Table structure for table `productos`
--

DROP TABLE IF EXISTS `productos`;
/*!40101 SET @saved_cs_client     = @@character_set_client */;
/*!50503 SET character_set_client = utf8mb4 */;
CREATE TABLE `productos` (
  `pro_id` int NOT NULL,
  `pro_descripcion` varchar(100) NOT NULL,
  `pro_tipo` char(2) DEFAULT NULL,
  `pro_tipo_servicio` char(2) DEFAULT NULL,
  `pro_marca` varchar(100) DEFAULT NULL,
  `pro_presentacion` varchar(100) DEFAULT NULL,
  `pro_precio_compra` decimal(12,2) DEFAULT NULL,
  `pro_precio_venta` decimal(12,2) DEFAULT NULL,
  `pro_descuento` decimal(12,2) DEFAULT NULL,
  `pro_stock_barrita` decimal(8,0) DEFAULT NULL,
  `pro_stock_carrizal` decimal(8,0) DEFAULT NULL,
  `pro_stock_angeles` decimal(8,0) DEFAULT NULL,
  `pro_hijo_id` int DEFAULT NULL,
  `pro_conversion` int DEFAULT NULL,
  `pro_fecha_alta` date DEFAULT NULL,
  `pro_usuario_alta` varchar(20) DEFAULT NULL,
  `pro_fecha_modifica` date DEFAULT NULL,
  `pro_usuario_modifica` varchar(20) DEFAULT NULL,
  `pro_medida` char(1) DEFAULT NULL,
  `pro_minimo` decimal(6,0) DEFAULT NULL,
  `pro_maximo` decimal(6,0) DEFAULT NULL,
  `pro_ubicacion` char(2) DEFAULT NULL,
  `pro_ferreteria` int DEFAULT NULL,
  `pro_carrizal` int DEFAULT NULL,
  `pro_angeles` int DEFAULT NULL,
  PRIMARY KEY (`pro_id`)
) ENGINE=InnoDB DEFAULT CHARSET=latin1;
/*!40101 SET character_set_client = @saved_cs_client */;

--
-- Dumping data for table `productos`
--

LOCK TABLES `productos` WRITE;
/*!40000 ALTER TABLE `productos` DISABLE KEYS */;
INSERT INTO `productos` VALUES (1,'CEMENTO UGC','C','B','CEMENTO PROGRESOS','S',76.00,79.00,0.00,0,0,0,NULL,0,NULL,NULL,NULL,NULL,'M',50,400,'B',1,0,0),(2,'CEMENTO TROPICAL ','C','B','CEMENTO PROGRESO','S',65.50,69.00,0.00,0,0,0,NULL,0,NULL,NULL,NULL,NULL,'M',50,400,'B',1,0,0),(3,'CEMENTO QUETZAL','C','B','CEMENTO CEMEX','S',57.00,66.00,0.00,0,0,0,NULL,0,NULL,NULL,NULL,NULL,'M',50,200,'B',1,0,0),(4,'CAL ','C','B','CEMEX','S',24.00,35.00,0.00,0,0,0,NULL,0,NULL,NULL,NULL,NULL,'M',25,150,'B',1,0,0),(5,'MONOCAPA BLANCO','C','B','MIXTO LISTO','S',64.12,80.00,0.00,0,0,0,NULL,0,NULL,NULL,NULL,NULL,'M',15,50,'B',1,0,0),(6,'MONOCAPA GRIS','C','B','MIXTO LISTO','S',40.85,56.00,0.00,0,0,0,NULL,0,NULL,NULL,NULL,NULL,'M',15,50,'B',1,0,0),(7,'CRESTUCO FINO','C','B','MIXTO LISTO','S',75.45,90.00,0.00,0,0,0,NULL,0,NULL,NULL,NULL,NULL,'M',15,50,'B',1,0,0),(8,'CRESTUCO EXTRA FINO','C','B','MIXTO LISTO','S',79.90,95.00,0.00,0,0,0,NULL,0,NULL,NULL,NULL,NULL,'M',15,50,'B',1,0,0),(9,'PEGA PLUS ','C','B','SN','S',97.00,125.00,0.00,0,0,0,NULL,0,NULL,NULL,NULL,NULL,'M',15,50,'B',1,0,0),(10,'PEGA FUERTE','C','B','MIXTO LISTO','S',22.00,35.00,0.00,0,0,0,NULL,0,NULL,NULL,NULL,NULL,'M',15,50,'B',1,0,0),(11,'MONOCAPA EXTRA LISO','C','B','MIXTO LISTO','S',78.00,95.00,0.00,0,0,0,NULL,0,NULL,NULL,NULL,NULL,'M',15,50,'B',1,0,0),(12,'HIERRO  3/8 CMR','C','B','TAYASAL','U',25.55,38.00,0.00,0,0,0,NULL,1,NULL,NULL,NULL,NULL,'G',39,1950,'B',1,0,0),(13,'HIERRO 3/8 LG','C','B','TAYASAL','U',34.67,37.39,0.00,0,0,0,NULL,1,NULL,NULL,NULL,NULL,'G',39,1950,'B',1,0,0),(14,'HIERRO 1/2 CMR','C','B','TAYASAL','U',45.50,51.00,0.00,0,0,0,NULL,1,NULL,NULL,NULL,NULL,'G',39,1950,'B',1,0,0),(15,'HIEERO 1/2 LG','C','B','TAYASAL','U',64.30,70.00,0.00,0,0,0,NULL,1,NULL,NULL,NULL,NULL,'G',39,1950,'B',1,0,0),(16,'HIERRO 1/4 CMR','C','B','TAYASAL','U',12.75,14.00,0.00,0,0,0,NULL,1,NULL,NULL,NULL,NULL,'G',39,1950,'B',1,0,0),(17,'HIERRO 1/4 LG','C','B','TAYASAL','U',14.68,16.00,0.00,0,0,0,NULL,1,NULL,NULL,NULL,NULL,'G',39,1950,'B',1,0,0),(18,'V/A 5/8 LG','C','B','TAYASAL','U',90.06,110.00,0.00,0,0,0,NULL,1,NULL,NULL,NULL,NULL,'G',39,1950,'B',1,0,0),(19,'HIERRO DE 3/4 LG','C','B','TAYASAL','U',14846.00,165.00,0.00,0,0,0,NULL,1,NULL,NULL,NULL,NULL,'G',5,10,'P',1,0,0),(20,'HIERRO 7/8 LG G60','C','B','TAYASAL','U',207.42,228.00,0.00,1,0,0,NULL,0,NULL,NULL,NULL,NULL,'G',5,10,'B',1,0,0),(21,'HIERRO 1\" LG G60','C','B','TAYASAL','U',270.86,291.00,0.00,0,0,0,NULL,1,NULL,NULL,NULL,NULL,'G',5,10,'B',1,0,0),(22,'BLOCK DE 15*20*40*25KG','C','B','TAYASAL','U',2.85,3.65,0.00,0,0,0,NULL,1,NULL,NULL,NULL,NULL,'M',600,3000,'P',1,0,0),(23,'SOLERA DE 15*20*40*25KG','C','B','TAYASAL ','U',2.95,3.65,0.00,0,0,0,NULL,1,NULL,NULL,NULL,NULL,'M',600,3000,'P',1,0,0),(24,'BLOCK DE 14*19*39*35KG','C','B','TAYASAL','U',3.10,3.77,0.00,0,0,0,NULL,1,NULL,NULL,NULL,NULL,'M',600,3000,'P',1,0,0),(25,'SOLERA DE 14*19*39*35KG','C','B','TAYASAL','U',3.35,4.25,0.00,0,0,0,NULL,1,NULL,NULL,NULL,NULL,'M',600,3000,'P',1,0,0),(26,'TUBO 4\" CONCRETO','C','B','S/N','U',20.60,55.60,0.00,0,0,0,NULL,0,NULL,NULL,NULL,NULL,'S',10,25,'P',1,0,0),(27,'TUBO 6\" CONCRETO','C','B','S/N','U',24.10,60.00,0.00,0,0,0,NULL,0,NULL,NULL,NULL,NULL,'S',10,25,'P',1,0,0),(28,'TUBO 8\" CONCRETO','C','B','S/N','U',30.30,65.30,0.00,0,0,0,NULL,0,NULL,NULL,NULL,NULL,'S',10,25,'P',1,0,0),(29,'TUBO 10\" CONCRETO','C','B','S/N','U',41.00,76.00,0.00,0,0,0,NULL,0,NULL,NULL,NULL,NULL,'S',10,25,'P',1,0,0),(30,'TUBO 12\" CONCRETO','C','B','S/N','U',54.65,90.00,0.00,0,0,0,NULL,0,NULL,NULL,NULL,NULL,'S',10,25,'P',1,0,0),(31,'TUBO 14\" CONCRETO','C','B','S/N','U',61.25,96.25,0.00,0,0,0,NULL,0,NULL,NULL,NULL,NULL,'M',10,25,'P',1,0,0),(32,'TUBO 16\" CONCRETO','C','B','S/N','U',84.80,120.00,0.00,0,0,0,NULL,0,NULL,NULL,NULL,NULL,'M',10,25,'P',1,0,0),(33,'TUBO 18\" CONCRETO','C','B','S/N','U',104.90,140.00,0.00,0,0,0,NULL,0,NULL,NULL,NULL,NULL,'M',10,25,'P',1,0,0),(34,'TUBO 20\" CONCRETO','C','B','S/N','U',114.15,150.00,0.00,0,0,0,NULL,0,NULL,NULL,NULL,NULL,'G',10,25,'P',1,0,0),(35,'TUBO 24\" CONCRETO','C','B','S/N','U',177.90,210.00,0.00,0,0,0,NULL,0,NULL,NULL,NULL,NULL,'G',10,25,'P',1,0,0),(36,'TUBO 28\" CONCRETO','C','B','S/N','U',279.10,315.00,0.00,0,0,0,NULL,0,NULL,NULL,NULL,NULL,'G',10,25,'P',1,0,0),(37,'TUBO 30\" CONCRETO ','C','B','S/N','U',319.55,355.00,0.00,0,0,0,NULL,0,NULL,NULL,NULL,NULL,'G',10,25,'P',1,0,0),(38,'TUBO 32\" CONCRETO','C','B','S/N','U',336.45,372.00,0.00,0,0,0,NULL,0,NULL,NULL,NULL,NULL,'G',10,25,'P',1,0,0),(39,'TUBO 36\" CONCRETO','C','B','S/N','U',361.65,420.00,0.00,0,0,0,NULL,0,NULL,NULL,NULL,NULL,'G',10,25,'P',1,0,0),(40,'TUBO 42\" CONCRETO','C','B','S/N','U',586.15,622.00,0.00,0,0,0,NULL,0,NULL,NULL,NULL,NULL,'G',10,25,'P',1,0,0),(41,'SPRAY COLOR GRIS','O','B','VIKINGO','U',0.00,0.00,0.00,7,0,0,NULL,0,NULL,NULL,NULL,NULL,'S',1,20,'BI',1,0,0),(42,'SPRAY COLOR VERDE BOSQUE','O','B','POWERTECH','U',0.00,0.00,0.00,9,0,0,NULL,0,NULL,NULL,NULL,NULL,'S',1,20,'BI',1,0,0),(43,'SPRAY COLOR CROMADO','O','B','POWERTECH','U',0.00,0.00,0.00,7,0,0,NULL,0,NULL,NULL,NULL,NULL,'S',1,20,'BI',1,0,0),(44,'SPRAY COLOR ORO ','O','B','BYP','U',0.00,0.00,0.00,4,0,0,NULL,0,NULL,NULL,NULL,NULL,'S',1,20,'BI',1,0,0),(45,'SPRAY COLOR ORO','O','B','POWERTECH','U',0.00,0.00,0.00,9,0,0,NULL,0,NULL,NULL,NULL,NULL,'S',1,20,'BI',1,0,0),(46,'SPRAY COLOR BRONCE ','O','B','POWERTECH','U',0.00,0.00,0.00,13,0,0,NULL,0,NULL,NULL,NULL,NULL,'S',1,20,'BI',1,0,0),(47,'SPRAYSPRAY COLOR VERDE FLORECENTE','O','B','POWERTECH','U',0.00,0.00,0.00,2,0,0,NULL,0,NULL,NULL,NULL,NULL,'S',1,20,'BI',1,0,0),(48,'SPRAY COLOR TRANSPARENTE','O','B','POWERTECH','U',0.00,0.00,0.00,5,0,0,NULL,0,NULL,NULL,NULL,NULL,'S',1,20,'BI',1,0,0),(49,'SPRAY COLOR CAFE OSCURO','O','B','GIO','U',0.00,0.00,0.00,12,0,0,NULL,0,NULL,NULL,NULL,NULL,'S',1,20,'BI',1,0,0),(50,'SPRAY COLOR ORO','O','B','TRUPER','U',100.00,0.00,0.00,6,0,0,NULL,0,NULL,NULL,NULL,NULL,'S',1,20,'BI',1,0,0),(51,'SPRAY COLOR CAFE MADERA ','O','B','TOOLCRAFT','U',0.00,0.00,0.00,1,0,0,NULL,0,NULL,NULL,NULL,NULL,'S',1,20,'BI',1,0,0),(52,'SPRAY COLOR ROJO ANTICOROSIVO','O','B','TOOLCRAFT','U',0.00,0.00,0.00,1,0,0,NULL,0,NULL,NULL,NULL,NULL,'S',1,20,'BI',1,0,0),(53,'SPRAY COLOR AZUL METALICO ','O','B','VIKINGO','U',0.00,0.00,0.00,3,0,0,NULL,0,NULL,NULL,NULL,NULL,'S',1,20,'BI',1,0,0),(54,'SPRAY COLOR LILA','O','B','TOOLCRAFT','U',0.00,0.00,0.00,2,0,0,NULL,0,NULL,NULL,NULL,NULL,'S',1,20,'BI',1,0,0),(55,'SPRAY COLOR COBRE','O','B','GIO','U',0.00,0.00,0.00,1,0,0,NULL,0,NULL,NULL,NULL,NULL,'S',1,20,'BI',1,0,0),(56,'SPRAY COLOR NEGRO ALTA TEMPERUTURA','O','B','POWERTECH','U',0.00,0.00,0.00,13,0,0,NULL,0,NULL,NULL,NULL,NULL,'S',1,30,'BI',1,0,0),(57,'SPRAY COLOR CAFE TABACO','O','B','GIO','U',0.00,0.00,0.00,25,0,0,NULL,0,NULL,NULL,NULL,NULL,'S',1,50,'BI',1,0,0),(58,'SPRAY COLOR CAFE CAPUCHINO','O','B','BYP','U',0.00,0.00,0.00,6,0,0,NULL,0,NULL,NULL,NULL,NULL,'S',1,30,'BI',1,0,0),(59,'SPRAY COLOR NEGRO MATE ','O','B','POWERTECH','U',0.00,0.00,0.00,9,0,0,NULL,0,NULL,NULL,NULL,NULL,'S',1,30,'BI',1,0,0),(60,'SPRAY COLOR VERD OJA ','O','B','POWERTECH','U',0.00,0.00,0.00,13,0,0,NULL,0,NULL,NULL,NULL,NULL,'S',1,30,'BI',1,0,0),(61,'SPRAY COLOR BLANCO BRILLANTE','O','B','BYP','U',0.00,0.00,0.00,4,0,0,NULL,0,NULL,NULL,NULL,NULL,'S',1,20,'BI',1,0,0),(62,'SPRAY COLOR AZUL MEDIO','O','B','POWERTECH','U',0.00,0.00,0.00,7,0,0,NULL,0,NULL,NULL,NULL,NULL,'S',1,20,'BI',1,0,0),(63,'SPRAY COLOR NEGRO BRILLANTE','O','B','BYP','U',0.00,0.00,0.00,10,0,0,NULL,0,NULL,NULL,NULL,NULL,'S',1,20,'BI',1,0,0),(64,'SPRAY COLOR BLANCO MATE','O','B','BYP','U',0.00,0.00,0.00,24,0,0,NULL,0,NULL,NULL,NULL,NULL,'S',1,30,'BI',1,0,0),(65,'SPRAY COLOR ROJO ESCARLATA','O','B','BYP','U',0.00,0.00,0.00,0,0,0,NULL,0,NULL,NULL,NULL,NULL,'S',1,30,'BI',1,0,0),(66,'SPRAY COLOR AZUL NIAGARA','O','B','BYP','U',0.00,0.00,0.00,0,0,0,NULL,0,NULL,NULL,NULL,NULL,'S',0,20,'BI',1,0,0),(67,'SPRAY COLOR GRIS','O','B','BYP','U',0.00,0.00,0.00,12,0,0,NULL,0,NULL,NULL,NULL,NULL,'S',1,20,'BI',1,0,0),(68,'SPRAY COLOR BLANCO PARA REFRI','O','B','RUST-OLEUM','U',0.00,40.00,0.00,4,0,0,NULL,0,NULL,NULL,NULL,NULL,'S',1,30,'BI',1,0,0),(69,'SPRAY COLOR ALUMINIO ULTRA COVER','O','B','RUST-OLEUM','U',0.00,40.00,0.00,0,0,0,NULL,0,NULL,NULL,NULL,NULL,'S',1,30,'BI',1,0,0),(70,'MANGUERA REFORZADA 1/2 X 50 PIZ','O','B','SUPER JARDIN','U',0.00,135.00,0.00,3,0,0,NULL,0,NULL,NULL,NULL,NULL,'M',1,20,'BI',1,0,0),(71,'MANGUERA REFORZADA 1/2 X 75 PIZ','O','B','SUPER JARDIN','U',0.00,175.00,0.00,3,0,0,NULL,0,NULL,NULL,NULL,NULL,'M',1,20,'BI',1,0,0),(72,'MANGUERA REFORZADA 1/2 X 50 PIZ','O','B','TOOLS','U',0.00,0.00,0.00,1,0,0,NULL,0,NULL,NULL,NULL,NULL,'M',1,20,'BI',1,0,0),(73,'MANGUERA CENCILLA 7/16 X 100 PIZ','O','B','TROYA TOOLS','U',0.00,130.00,0.00,3,0,0,NULL,0,NULL,NULL,NULL,NULL,'M',1,20,'BI',1,0,0),(74,'MANGUERA CENCILLA 7/16 X 75 PIZ','O','B','TROYA TOOLS','U',0.00,105.00,0.00,2,0,0,NULL,0,NULL,NULL,NULL,NULL,'M',1,20,'BI',1,0,0),(75,'SIERRA CIRCULAR 7\'14 ','H','B','POWERTECH','U',0.00,700.00,0.00,2,0,0,NULL,0,NULL,NULL,NULL,NULL,'M',3,5,'BI',1,0,0),(76,'CEPILLO ELECTRICO 850W','H','B','TRUPER PROFESIONAL ','U',0.00,660.00,0.00,2,0,0,NULL,0,NULL,NULL,NULL,NULL,'M',3,6,'BI',1,0,0),(77,'CEPILLO ELECTRICO 720W ','H','B','TRUPER INDUSTRIAL','U',0.00,725.00,0.00,1,0,0,NULL,0,NULL,NULL,NULL,NULL,'M',3,6,'BI',1,0,0),(78,'ESMERILADORA  ANGULAR INDUSTRIAL 1010W 4\'/2','H','B','POWERTECH','U',0.00,485.00,0.00,0,0,0,NULL,0,NULL,NULL,NULL,NULL,'M',3,6,'BI',1,0,0),(79,'ESMERILADORA  ANGULAR PROFESIONAL 800W','H','B','TRUPER 4\'/2','U',0.00,360.00,0.00,0,0,0,NULL,0,NULL,NULL,NULL,NULL,'M',3,6,'BI',1,0,0),(80,'SSIERRA CIRCULAR INDUSTRIAL1080W','H','B','TRUPER 7\'/14','U',0.00,1200.00,0.00,1,0,0,NULL,0,NULL,NULL,NULL,NULL,'M',3,6,'BI',1,0,0),(81,'ESMERILADORA ANGULAR 760W ','H','B','POWERTECH 4\'/2 ','U',0.00,350.00,0.00,0,0,0,NULL,0,NULL,NULL,NULL,NULL,'M',3,6,'BI',1,0,0),(82,'ROTO MARTILLO PROFESIONAL 600W','H','B','1/2','U',0.00,350.00,0.00,1,0,0,NULL,0,NULL,NULL,NULL,NULL,'M',3,6,'BI',1,0,0),(83,'RAUTER 500W 1/4','H','B','HOTECHE','U',0.00,520.00,0.00,1,0,0,NULL,0,NULL,NULL,NULL,NULL,'M',3,6,'BI',1,0,0),(84,'PACHA DE SILICON BLANCO MULTI USO ','O','B','SISTA','U',0.00,35.00,0.00,0,0,0,NULL,0,NULL,NULL,NULL,NULL,'S',1,30,'BI',1,0,0),(85,'PACHA DE SILICON TRANSPARENTE MULTI USO','O','B','SISTA','U',0.00,35.00,0.00,0,0,0,NULL,0,NULL,NULL,NULL,NULL,'S',3,35,'BI',1,0,0),(86,'PACHA DE SILICON NEGRO MULTI USO','O','B','SISTA','U',0.00,35.00,0.00,17,0,0,NULL,0,NULL,NULL,NULL,NULL,'S',3,30,'BI',1,0,0),(87,'FLIPON  1X20 ','O','B','GENERAL ','U',0.00,46.00,0.00,19,0,0,NULL,0,NULL,NULL,NULL,NULL,'S',1,50,'BI',1,0,0),(88,'FLIPON 1X30','E','B','GENERAL','U',0.00,46.00,0.00,34,0,0,NULL,0,NULL,NULL,NULL,NULL,'S',1,100,'BI',1,0,0),(89,'FLIPON 1X30','E','B','CHINITO','U',0.00,38.00,0.00,12,0,0,NULL,0,NULL,NULL,NULL,NULL,'S',1,100,'BI',1,0,0),(90,'FLIPON 1X20','E','B','CHINITO','U',0.00,35.00,0.00,5,0,0,NULL,0,NULL,NULL,NULL,NULL,'S',1,100,'BI',1,0,0),(91,'FLIPON 1X40','E','B','GENERAL','U',0.00,55.00,0.00,28,0,0,NULL,0,NULL,NULL,NULL,NULL,'S',1,100,'BI',1,0,0),(92,'FLIPON 1X40','E','B','CHINITO','U',0.00,40.00,0.00,12,0,0,NULL,0,NULL,NULL,NULL,NULL,'S',1,100,'BI',1,0,0),(93,'FLIPON 1X40','E','B','INOUSA','U',0.00,55.00,0.00,21,0,0,NULL,0,NULL,NULL,NULL,NULL,'S',1,100,'BI',1,0,0),(94,'FLIPON 1X30','E','B','INOUSA','U',0.00,30.00,0.00,17,0,0,NULL,0,NULL,NULL,NULL,NULL,'S',1,100,'BI',1,0,0),(95,'FLIPON 1X50','E','B','GENERAL','U',0.00,60.00,0.00,58,0,0,NULL,0,NULL,NULL,NULL,NULL,'S',1,100,'BI',1,0,0),(96,'FLIPON 1X50','E','B','INOUSA','U',0.00,60.00,0.00,10,0,0,NULL,0,NULL,NULL,NULL,NULL,'S',1,100,'BI',1,0,0),(97,'FLIPON 1X60','E','B','GENERAL','U',0.00,60.00,0.00,30,0,0,NULL,0,NULL,NULL,NULL,NULL,'S',1,100,'BI',1,0,0),(98,'FLIPON 1X100','E','B','GENERAL','U',0.00,95.00,0.00,22,0,0,NULL,0,NULL,NULL,NULL,NULL,'S',1,100,'BI',1,0,0),(99,'FLIPON 1X15','E','B','GENERAL','U',0.00,35.00,0.00,2,0,0,NULL,0,NULL,NULL,NULL,NULL,'S',1,100,'BI',1,0,0),(100,'FLIPON 2X20','E','B','NOUSA','U',0.00,55.00,0.00,14,0,0,NULL,0,NULL,NULL,NULL,NULL,'S',1,100,'BI',1,0,0),(101,'FLIPON 2X30','E','B','INOUSA','U',0.00,55.00,0.00,15,0,0,NULL,0,NULL,NULL,NULL,NULL,'S',1,100,'BI',1,0,0),(102,'FLIPON 2X40','E','B','INOUSA','U',0.00,55.00,0.00,14,0,0,NULL,0,NULL,NULL,NULL,NULL,'S',1,100,'BI',1,0,0),(103,'FLIPON 2X20','E','B','CHINITO','U',0.00,75.00,0.00,11,0,0,NULL,0,NULL,NULL,NULL,NULL,'S',1,100,'BI',1,0,0),(104,'FLIPON 2X30','E','B','GENERAL','U',0.00,60.00,0.00,8,0,0,NULL,0,NULL,NULL,NULL,NULL,'S',1,100,'BI',1,0,0),(105,'FLIPON 2X50','E','B','INOUSA','U',0.00,55.00,0.00,0,0,0,NULL,0,NULL,NULL,NULL,NULL,'S',1,100,'BI',1,0,0),(106,'FLIPON 2X100','E','B','GENERAL','U',1000.00,235.00,0.00,2,0,0,NULL,0,NULL,NULL,NULL,NULL,'S',1,100,'BI',1,0,0),(107,'FLIPON 2X60','E','B','GENERAL','U',0.00,95.00,0.00,0,0,0,NULL,0,NULL,NULL,NULL,NULL,'S',1,100,'BI',1,0,0),(108,'FLIPON 2X50','E','B','CHINITO','U',0.00,80.00,0.00,1,0,0,NULL,0,NULL,NULL,NULL,NULL,'S',1,100,'BI',1,0,0),(109,'FLIPON 1X40','E','B','BRILK','U',0.00,25.00,0.00,9,0,0,NULL,0,NULL,NULL,NULL,NULL,'S',1,100,'BI',1,0,0),(110,'FLIPON 1X20','E','B','BRILK','U',0.00,25.00,0.00,4,0,0,NULL,0,NULL,NULL,NULL,NULL,'S',1,100,'BI',1,0,0),(111,'MANGUERA SENCILLA 3/4X75´','O','B','TYPSA','U',0.00,285.00,0.00,4,0,0,NULL,0,NULL,NULL,NULL,NULL,'M',1,100,'BI',1,0,0),(112,'MANGUERA SENCILLA 3/4X50´','O','B','TYPSA','U',0.00,205.00,0.00,4,0,0,NULL,0,NULL,NULL,NULL,NULL,'M',1,100,'BI',1,0,0),(113,'MANGUERA SENCILLA 3/4X100´','O','B','TYPSA','U',0.00,360.00,0.00,2,0,0,NULL,0,NULL,NULL,NULL,NULL,'M',1,100,'BI',1,0,0),(114,'REFLECTOR INTERNO 110V Y 150W','E','B','MAXLIGHT','U',0.00,50.00,0.00,16,0,0,NULL,0,NULL,NULL,NULL,NULL,'M',1,100,'BI',1,0,0),(115,'FOCO PARA LAMPARA 110V X 9W','E','B','MAXLIGHT','U',0.00,350.00,0.00,7,0,0,NULL,0,NULL,NULL,NULL,NULL,'S',1,100,'BI',1,0,0),(116,'BOMBILLA PARA REFRIGERADOR ','E','B','SYLVANIA','U',0.00,12.00,0.00,9,0,0,NULL,0,NULL,NULL,NULL,NULL,'S',1,100,'BI',1,0,0),(117,'FOTOSELDA','E','B','MAXLIGHT','U',0.00,42.00,0.00,15,0,0,NULL,0,NULL,NULL,NULL,NULL,'S',1,100,'BI',1,0,0),(118,'FOTOSELDA ','E','B','LUXLITE','U',0.00,42.00,0.00,3,0,0,NULL,0,NULL,NULL,NULL,NULL,'S',1,100,'BI',1,0,0),(119,'BOMBILLA 25W','E','B','CHIYODA','U',0.00,5.00,0.00,11,0,0,NULL,0,NULL,NULL,NULL,NULL,'S',1,100,'BI',1,0,0),(120,'CAPASITOR PARA BOMBAS DE AGUA 1/2','E','B','S/N','U',0.00,32.00,0.00,4,0,0,NULL,0,NULL,NULL,NULL,NULL,'M',1,12,'BI',1,0,0),(121,'GRAPA ELECTRICA 1 PULGADA','E','B','5TAPLE','U',0.00,15.00,0.00,21,0,0,NULL,0,NULL,NULL,NULL,NULL,'M',1,100,'BI',1,0,0),(122,'GRAPA ELECTRICA 3/4','E','B','STAPLE','U',0.00,12.00,0.00,20,0,0,NULL,0,NULL,NULL,NULL,NULL,'M',1,100,'BI',1,0,0),(123,'GRAPA ELECTRICA 1/2','E','B','S/N','U',0.00,10.00,0.00,0,0,0,NULL,0,NULL,NULL,NULL,NULL,'S',1,100,'BI',1,0,0),(124,'MORDASA ELECTRICA DE BRONCE','E','B','S/N','U',0.00,14.00,0.00,26,0,0,NULL,0,NULL,NULL,NULL,NULL,'S',1,100,'BI',1,0,0),(125,'PESCANTE ELECTRICO','E','B','S/N','U',0.00,5.00,0.00,51,0,0,NULL,0,NULL,NULL,NULL,NULL,'S',1,100,'BI',1,0,0),(126,'AISLADORES DE CARRIZO DE PORCELANA','E','B','S/N','U',0.00,10.00,0.00,16,0,0,NULL,0,NULL,NULL,NULL,NULL,'S',1,100,'BI',1,0,0),(127,'TAPADERA CIEGA RECTANGULAR DE METAL','E','B','S/N','U',0.00,8.00,0.00,6,0,0,NULL,0,NULL,NULL,NULL,NULL,'M',1,100,'BI',1,0,0),(128,'TAPADERA CIEGA DE 4X4 DE METAL','E','B','S/N','U',0.00,8.00,0.00,7,0,0,NULL,0,NULL,NULL,NULL,NULL,'S',1,100,'BI',1,0,0),(129,'TAPADERA CIEGA OCTAGONAL PLASTICA','E','B','S/N','U',0.00,8.00,0.00,0,0,0,NULL,0,NULL,NULL,NULL,NULL,'S',1,100,'BI',1,0,0),(130,'CALAVERA DE ENROSCAR 1/4','E','B','S/N','U',0.00,25.00,0.00,13,0,0,NULL,0,NULL,NULL,NULL,NULL,'S',1,100,'BI',1,0,0),(131,'CALAVERA DE ENROSCAR 1/4','E','B','S/N','U',0.00,25.00,0.00,14,0,0,NULL,0,NULL,NULL,NULL,NULL,'S',1,100,'BI',1,0,0),(132,'CALAVERA DE PRENSAR 1/4','E','B','S/N','U',0.00,25.00,0.00,8,0,0,NULL,0,NULL,NULL,NULL,NULL,'S',1,100,'BI',1,0,0),(133,'SOKET DE PORCELANA GRANDE','E','B','S/N','U',0.00,8.00,0.00,3,0,0,NULL,0,NULL,NULL,NULL,NULL,'S',1,100,'BI',1,0,0),(134,'SOKET DE PORCELANA PEQUEÑO','E','B','S/N','U',0.00,4.00,0.00,3,0,0,NULL,0,NULL,NULL,NULL,NULL,'S',1,100,'BI',1,0,0),(135,'FAROL DE PARED CLASICO','E','B','ARGOS','U',0.00,110.00,0.00,1,0,0,NULL,0,NULL,NULL,NULL,NULL,'S',1,100,'BI',1,0,0),(136,'BOMBILLA LUZ AMARILLA 60W','E','B','SYLVANIA','U',0.00,5.00,0.00,4,0,0,NULL,0,NULL,NULL,NULL,NULL,'S',1,100,'BI',1,0,0),(137,'BOMBILLA LUZ AMARILLA 25W','E','B','SYLVANIA','U',0.00,4.00,0.00,4,0,0,NULL,0,NULL,NULL,NULL,NULL,'S',1,100,'BI',1,0,0),(138,'BOMBILLA LUZ AMARILLA 75W','E','B','SYLVANIA','U',0.00,5.00,0.00,2,0,0,NULL,0,NULL,NULL,NULL,NULL,'S',1,100,'BI',1,0,0),(139,'BOMBILLA LUZ AMARILLA 100W','E','B','SYLVANIA','U',0.00,5.00,0.00,95,0,0,NULL,0,NULL,NULL,NULL,NULL,'S',1,100,'BI',1,0,0),(140,'CINTA DOBLE CARA BLANCA','E','B','HUNTER','U',0.00,18.00,0.00,3,0,0,NULL,0,NULL,NULL,NULL,NULL,'S',1,100,'BI',1,0,0),(141,'NIVEL DE CUERDA PARA ESTRUCTURA','E','B','SECURITY','U',0.00,18.00,0.00,2,0,0,NULL,0,NULL,NULL,NULL,NULL,'S',1,100,'BI',1,0,0),(142,'PIEZA PELA CABLES','E','B','PRETUM','U',0.00,32.00,0.00,1,0,0,NULL,1,NULL,NULL,NULL,NULL,'S',1,100,'BI',1,0,0),(143,'BOMBILLA LED BULB LAMP BEST VALUE 60W','E','B','S/N','U',0.00,35.00,0.00,7,0,0,NULL,0,NULL,NULL,NULL,NULL,'S',1,100,'BI',1,0,0),(144,'PLAFONERA ','E','B','EAGLE','U',0.00,10.00,0.00,93,0,0,NULL,0,NULL,NULL,NULL,NULL,'S',1,200,'BI',1,0,0),(145,'PLAFONERA OBALADA','E','B','BTICINO','U',0.00,18.00,0.00,54,0,0,NULL,0,NULL,NULL,NULL,NULL,'S',1,100,'BI',1,0,0),(146,'PLAFONERA ','E','B','TROYATOOLS','U',0.00,7.00,0.00,0,0,0,NULL,0,NULL,NULL,NULL,NULL,'S',1,100,'BI',1,0,0),(147,'PLAFONERA','E','B','TOPPER','U',0.00,7.00,0.00,5,0,0,NULL,0,NULL,NULL,NULL,NULL,'S',1,100,'BI',1,0,0),(148,'PLAFONERA','E','B','CHINITA','U',0.00,6.00,0.00,2,0,0,NULL,0,NULL,NULL,NULL,NULL,'S',1,100,'BI',1,0,0),(149,'PLAFONERA OVALADA','E','B','CHINITA','U',0.00,8.00,0.00,6,0,0,NULL,0,NULL,NULL,NULL,NULL,'S',1,100,'BI',1,0,0),(150,'TAPADERA CIEGA DE METAL OCTAGONAL','E','B','S/N','U',0.00,8.00,0.00,1,0,0,NULL,0,NULL,NULL,NULL,NULL,'S',1,100,'BI',1,0,0),(151,'GALON DE ACEITE WD-40','O','B','S/N','U',0.00,175.00,0.00,8,0,0,NULL,0,NULL,NULL,NULL,NULL,'M',1,100,'BI',1,0,0),(152,'CAJA RECTANGULAR DE METAL','E','B','S/N','U',0.00,5.00,0.00,60,0,0,NULL,0,NULL,NULL,NULL,NULL,'S',1,100,'BI',1,0,0),(153,'CAJA CUADRADA 5X5','E','B','S/N','U',0.00,15.00,0.00,5,0,0,NULL,0,NULL,NULL,NULL,NULL,'S',1,100,'BI',1,0,0),(154,'CAJA OCTAGONAL DE METAL','E','B','S/N','U',0.00,12.00,0.00,36,0,0,NULL,0,NULL,NULL,NULL,NULL,'S',1,100,'BI',1,0,0),(155,'TAPADERA CIEGA','E','B','CHINITA','U',0.00,8.00,0.00,19,0,0,NULL,0,NULL,NULL,NULL,NULL,'S',1,100,'BI',1,0,0),(156,'TAPADERA CIEGA GENERAL INDUSTRIAL','E','B','S/N','U',0.00,15.00,0.00,6,0,0,NULL,0,NULL,NULL,NULL,NULL,'S',1,100,'BI',1,0,0),(157,'TAPADERA CIEGA ','E','B','BTICIO','U',0.00,15.00,0.00,2,0,0,NULL,0,NULL,NULL,NULL,NULL,'S',1,100,'BI',1,0,0),(158,'TAPADERA CIEGA CAFE','E','B','CHINITA','U',0.00,10.00,0.00,3,0,0,NULL,0,NULL,NULL,NULL,NULL,'S',1,100,'BI',1,0,0),(159,'TAPADERA TRIPLE CAFE','E','B','CHINITA','U',0.00,15.00,0.00,24,0,0,NULL,0,NULL,NULL,NULL,NULL,'S',1,100,'BI',1,0,0),(160,'TAPADERA TRIPLE GRIS','E','B','CHINITA','U',0.00,15.00,0.00,18,0,0,NULL,0,NULL,NULL,NULL,NULL,'S',1,100,'BI',1,0,0),(161,'TAPADERA TRIPLE MARFIL','E','B','CHINITA','U',0.00,10.00,0.00,10,0,0,NULL,0,NULL,NULL,NULL,NULL,'S',1,100,'BI',1,0,0),(162,'TAPADERA TRIPLE MARFIL','E','B','BTICINO','U',0.00,15.00,0.00,1,0,0,NULL,0,NULL,NULL,NULL,NULL,'S',1,100,'BI',1,0,0),(163,'TAPADERA TRIPLE GRIS ','E','B','BTICINO','U',0.00,15.00,0.00,3,0,0,NULL,1,NULL,NULL,NULL,NULL,'S',1,100,'BI',1,0,0),(164,'TAPADERA TRIPLE DE METAL ','E','B','BTICINO','U',0.00,15.00,0.00,3,0,0,NULL,0,NULL,NULL,NULL,NULL,'S',1,100,'BI',1,0,0),(165,'TAPADERA CIEGA GRIS','E','B','S/N','U',0.00,10.00,0.00,12,0,0,NULL,0,NULL,NULL,NULL,NULL,'S',1,100,'BI',1,0,0),(166,'TAPADERA DOBLE MARFIL','E','B','CHINITA','U',0.00,10.00,0.00,36,0,0,NULL,0,NULL,NULL,NULL,NULL,'S',1,100,'BI',1,0,0),(167,'CAJA DE 12 POLOS','E','B','GENERAL ELECTRIC','U',0.00,0.00,0.00,6,0,0,NULL,0,NULL,NULL,NULL,NULL,'S',1,100,'BI',1,0,0),(168,'CAJA DE 16 POLOS','E','B','GENERAL ELECTRIC','U',0.00,0.00,0.00,1,0,0,NULL,0,NULL,NULL,NULL,NULL,'S',1,100,'BI',1,0,0),(169,'CAJA DE 2 POLOS','E','B','GENERAL ELECTRIC','U',0.00,0.00,0.00,12,0,0,NULL,0,NULL,NULL,NULL,NULL,'S',1,100,'BI',1,0,0),(170,'CAJA DE UN POLO 60 AMPERIOS','E','B','CHINITA','U',0.00,0.00,0.00,3,0,0,NULL,0,NULL,NULL,NULL,NULL,'S',1,100,'BI',1,0,0),(171,'CAJA DE 4 POLOS','E','B','LOAD CENTER','U',0.00,0.00,0.00,5,0,0,NULL,0,NULL,NULL,NULL,NULL,'S',1,100,'BI',1,0,0),(172,'CAJA DE 1 POLO 40 AMPERIOS','E','B','LOAD CENTER','U',0.00,0.00,0.00,17,0,0,NULL,0,NULL,NULL,NULL,NULL,'S',1,100,'BI',1,0,0),(173,'CAJA DE SOKE CUADRADA','E','B','CHINITA','U',0.00,0.00,0.00,3,0,0,NULL,0,NULL,NULL,NULL,NULL,'S',1,100,'BI',1,0,0),(174,'CAJA DE SOKE CUADRADA','E','B','GENERAL ELECTRIC','U',0.00,0.00,0.00,2,0,0,NULL,0,NULL,NULL,NULL,NULL,'S',1,100,'BI',1,0,0),(175,'CAJA DE RH','E','B','GENERAL ELECTRIC','U',0.00,0.00,0.00,8,0,0,NULL,0,NULL,NULL,NULL,NULL,'S',1,100,'BI',1,0,0),(176,'CAJA RH','E','B','CHINITA','U',0.00,0.00,0.00,1,0,0,NULL,0,NULL,NULL,NULL,NULL,'S',1,100,'BI',1,0,0),(177,'CAJA DE 8 POLOS','E','B','GENERAL ELECTRIC','U',0.00,0.00,0.00,1,0,0,NULL,0,NULL,NULL,NULL,NULL,'S',1,100,'BI',1,0,0),(178,'BOMBILLA LED REDONDA 110W ','E','B','BEST.VALUE','U',0.00,50.00,0.00,3,0,0,NULL,0,NULL,NULL,NULL,NULL,'S',1,100,'BI',1,0,0),(179,'BOMBILLA LED REDONDA 160W','E','B','BES.VALUE','U',0.00,63.00,0.00,1,0,0,NULL,0,NULL,NULL,NULL,NULL,'S',1,100,'BI',1,0,0),(180,'BOMBILLA LED REDONDA 215W','E','B','BES.VALUE','U',0.00,75.00,0.00,7,0,0,NULL,0,NULL,NULL,NULL,NULL,'S',1,100,'BI',1,0,0),(181,'BOMBILLA ESPIRAL 105W','E','B','AKZI','U',0.00,130.00,0.00,4,0,0,NULL,0,NULL,NULL,NULL,NULL,'S',1,100,'BI',1,0,0),(182,'BOMBILLA ESPIRAL 65W','E','B','AKZI','U',0.00,70.00,0.00,2,0,0,NULL,0,NULL,NULL,NULL,NULL,'S',1,100,'BI',1,0,0),(183,'REFLECTOR DOBLE CON SECTOR','E','B','MAX LYGHT','U',0.00,130.00,0.00,2,0,0,NULL,0,NULL,NULL,NULL,NULL,'S',1,100,'BI',1,0,0),(184,'REFLECTOR LED CUADRADO 20W','E','B','AKZI','U',0.00,180.00,0.00,3,0,0,NULL,0,NULL,NULL,NULL,NULL,'S',1,100,'BI',1,0,0),(185,'REGLECTOR CUADRADO PARA CIELO FALSO','E','B','NEW','U',0.00,35.00,0.00,3,0,0,NULL,0,NULL,NULL,NULL,NULL,'S',1,100,'BI',1,0,0),(186,'LUMINARIO SOBRE PONER REDONDO 6W','E','B','AKZI','U',0.00,85.00,0.00,6,0,0,NULL,0,NULL,NULL,NULL,NULL,'S',1,100,'BI',1,0,0),(187,'BOMBILLA LED DE 5W','E','B','GIO','U',0.00,20.00,0.00,4,0,0,NULL,0,NULL,NULL,NULL,NULL,'S',1,100,'BI',1,0,0),(188,'BOMBILLA LED 5W','E','B','FULGORE','U',0.00,25.00,0.00,2,0,0,NULL,1,NULL,NULL,NULL,NULL,'S',1,100,'BI',1,0,0),(189,'BOMBILLA LED VINTAGE 40W','E','B','BEST.VALUE','U',0.00,35.00,0.00,5,0,0,NULL,0,NULL,NULL,NULL,NULL,'S',1,100,'BI',1,0,0),(190,'BOMBILLA LED 7W','E','B','MAX LYGHT','U',0.00,12.00,0.00,4,0,0,NULL,0,NULL,NULL,NULL,NULL,'S',1,100,'BI',1,0,0),(191,'BOMBILLA  AHORRADORA 60W','E','B','HUNTER','U',0.00,35.00,0.00,1,0,0,NULL,0,NULL,NULL,NULL,NULL,'S',1,100,'BI',1,0,0),(192,'BOMBILLA AHORRADORA LAMPARA 65W','E','B','HUNTER','U',0.00,0.00,0.00,1,0,0,NULL,0,NULL,NULL,NULL,NULL,'S',1,100,'BI',1,0,0),(193,'LAMPARA DE ALTA INTENCIDAD 75W','E','B','SYLVANIA','U',0.00,65.00,0.00,4,0,0,NULL,0,NULL,NULL,NULL,NULL,'S',1,100,'BI',1,0,0),(194,'FOCO PARA OJO DE WUEI LED 55W LUZ CALIDAD','E','B','AKZI','U',0.00,20.00,0.00,30,0,0,NULL,0,NULL,NULL,NULL,NULL,'S',1,100,'BI',1,0,0),(195,'BOMBILLA DE OJO DE WUEI LED LUZ BLANCA','E','B','POWER TECH','U',0.00,27.00,0.00,13,0,0,NULL,0,NULL,NULL,NULL,NULL,'S',1,100,'BI',1,0,0),(196,'BOMBILLA DE 20W ','E','B','MAX  LYGHT','U',0.00,21.00,0.00,4,0,0,NULL,0,NULL,NULL,NULL,NULL,'S',1,100,'BI',1,0,0),(197,'OJO DE WUEI 55W','E','B','LUX LITE','U',0.00,15.00,0.00,9,0,0,NULL,0,NULL,NULL,NULL,NULL,'S',1,100,'BI',1,0,0),(198,'BOMBILLA PARA SOKE DE WUEI','E','B','LUX LITE','U',0.00,17.00,0.00,12,0,0,NULL,0,NULL,NULL,NULL,NULL,'S',1,100,'BI',1,0,0),(199,'BOMBILLA LED 80W','E','B','BEST.VALUE','U',0.00,18.00,0.00,16,0,0,NULL,0,NULL,NULL,NULL,NULL,'S',1,100,'BI',1,0,0),(200,'BOMBILLA AHORRADORA 25W','E','B','FULGORE','U',0.00,25.00,0.00,1,0,0,NULL,0,NULL,NULL,NULL,NULL,'S',1,100,'BI',1,0,0),(201,'REPUESTO PARA BOMBILLA CIRCULAR','E','B','S/N','U',0.00,38.00,0.00,2,0,0,NULL,0,NULL,NULL,NULL,NULL,'S',1,100,'BI',1,0,0),(202,'BOMBILLA ESPIRAL 85W','E','B','AKZI','U',0.00,105.00,0.00,6,0,0,NULL,0,NULL,NULL,NULL,NULL,'S',1,100,'BI',1,0,0),(203,'BOMBILLA FULL COLOR ','E','B','OROBAR','U',0.00,35.00,0.00,4,0,0,NULL,0,NULL,NULL,NULL,NULL,'S',1,100,'BI',1,0,0),(204,'REFLECTOR LED 95W','E','B','AKZI','U',0.00,45.00,0.00,5,0,0,NULL,0,NULL,NULL,NULL,NULL,'S',1,100,'BI',1,0,0),(205,'BOMBILLAS PARA LAMPARA DE POSTE 175W','E','B','PHILIPS','U',0.00,45.00,0.00,8,0,0,NULL,0,NULL,NULL,NULL,NULL,'S',1,100,'BI',1,0,0),(206,'BASE DE OJO DE WUEI','E','B','MAX LYGHT.AB','U',0.00,75.00,0.00,24,0,0,NULL,0,NULL,NULL,NULL,NULL,'S',1,100,'BI',1,0,0),(207,'BASE DE OJO DE WUEI BLANCO','E','B','MAX LYGHT','U',0.00,35.00,0.00,5,0,0,NULL,0,NULL,NULL,NULL,NULL,'S',1,100,'BI',1,0,0),(208,'BASE DE OJO DE WUEI','E','B','GOLDEN','U',0.00,35.00,0.00,11,0,0,NULL,0,NULL,NULL,NULL,NULL,'S',1,100,'BI',1,0,0),(209,'BASE DE OJO DE WUEI NICKEL','E','B','MAX LYGHT','U',0.00,35.00,0.00,16,0,0,NULL,0,NULL,NULL,NULL,NULL,'S',1,100,'BI',1,0,0),(210,'BASE DE OJO DE WUEI NEGRO','E','B','S/N','U',0.00,35.00,0.00,4,0,0,NULL,0,NULL,NULL,NULL,NULL,'S',1,100,'BI',1,0,0),(211,'BASE DE OJO DE WUEI ORO','E','B','S/N','U',0.00,35.00,0.00,1,0,0,NULL,0,NULL,NULL,NULL,NULL,'S',1,100,'BI',1,0,0),(212,'DADO EN APAGADOR','E','B','CHINITO','U',0.00,0.00,0.00,24,0,0,NULL,1,NULL,NULL,NULL,NULL,'S',1,100,'BI',1,0,0),(213,'DADO TOMACORRIENTE','E','B','CHINITO','U',0.00,0.00,0.00,26,0,0,NULL,0,NULL,NULL,NULL,NULL,'S',1,100,'BI',1,0,0),(214,'DADO APAGADOR TRIGUEI NEGRO ','E','B','CHINITO','U',0.00,0.00,0.00,3,0,0,NULL,0,NULL,NULL,NULL,NULL,'S',1,100,'BI',1,0,0),(215,'DADO APAGADOR DOBLE NEGRO','E','B','S/N','U',0.00,0.00,0.00,9,0,0,NULL,0,NULL,NULL,NULL,NULL,'S',1,100,'BI',1,0,0),(216,'TOMA EN DADO TRIGUEY NEGRO','E','B','CHINITO','U',0.00,0.00,0.00,20,0,0,NULL,0,NULL,NULL,NULL,NULL,'S',1,100,'BI',1,0,0),(217,'TOMA EN DADO DOBLE NEGRO','E','B','CHINITA','U',0.00,0.00,0.00,2,0,0,NULL,0,NULL,NULL,NULL,NULL,'S',1,100,'BI',1,0,0),(218,'PROTECTOR PARA TOMA CORRIENTE SENCILLO GRIS ','E','B','S/N','U',0.00,0.00,0.00,6,0,0,NULL,0,NULL,NULL,NULL,NULL,'S',1,100,'BI',1,0,0),(219,'APAGADOR DOBLE PALANCA','E','B','CHINITA','U',0.00,0.00,0.00,12,0,0,NULL,0,NULL,NULL,NULL,NULL,'S',1,100,'BI',1,0,0),(220,'APAGADOR DE PALANCA SENCILLA','E','B','CHINITA','U',0.00,0.00,0.00,9,0,0,NULL,0,NULL,NULL,NULL,NULL,'S',1,100,'BI',1,0,0),(221,'APAGADOR DE PALANCA SENCILLA ','E','B','FULGORE','U',0.00,10.00,0.00,6,0,0,NULL,0,NULL,NULL,NULL,NULL,'S',1,100,'BI',1,0,0),(222,'TOMACORRIENTE VERTICAL','E','B','FULGORE','U',0.00,0.00,0.00,9,0,0,NULL,0,NULL,NULL,NULL,NULL,'S',1,100,'BI',1,0,0),(223,'APAGADOR DOBLE ','E','B','CHINITA','U',0.00,15.00,0.00,2,0,0,NULL,0,NULL,NULL,NULL,NULL,'S',1,100,'BI',1,0,0),(224,'PROTECTOR PARA TOMACORRIENTE SENCILLO ','E','B','FULGORE','U',0.00,0.00,0.00,2,0,0,NULL,0,NULL,NULL,NULL,NULL,'S',1,100,'BI',1,0,0),(225,'APAGADOR DE PALANCA COMBINADO CON TOMACORRIENTE','E','B','S/N','U',0.00,0.00,0.00,8,0,0,NULL,0,NULL,NULL,NULL,NULL,'S',1,100,'BI',1,0,0),(226,'LIMPIA CONTACTO','O','B','3 EN 1','U',0.00,0.00,0.00,5,0,0,NULL,1,NULL,NULL,NULL,NULL,'S',1,100,'BI',1,0,0),(227,'GRAZA EN BARRA ','O','B','TOOLCRAF','U',0.00,0.00,0.00,1,0,0,NULL,0,NULL,NULL,NULL,NULL,'S',1,100,'BI',1,0,0),(228,'ESPUMA EXPANSIVA ','O','B','MAESTRAL','U',0.00,0.00,0.00,0,0,0,NULL,0,NULL,NULL,NULL,NULL,'S',1,100,'BI',1,0,0),(229,'DESENGRAZANTE ','O','B','3 EN 1','U',0.00,0.00,0.00,0,0,0,NULL,0,NULL,NULL,NULL,NULL,'S',1,100,'BI',1,0,0),(230,'EPOXIMIL ','O','B','LOCLITE','U',0.00,0.00,0.00,4,0,0,NULL,0,NULL,NULL,NULL,NULL,'S',1,100,'BI',1,0,0),(231,'SPRAY 3.5 OZ','O','B','WD-40','U',0.00,0.00,0.00,1,0,0,NULL,0,NULL,NULL,NULL,NULL,'S',1,100,'BI',1,0,0),(232,'SPRAY 9.6 OZ','O','B','WD-40','U',0.00,35.00,0.00,8,0,0,NULL,0,NULL,NULL,NULL,NULL,'S',1,100,'BI',1,0,0),(233,'SPRAY 5.5 OZ','O','B','WD-40','U',0.00,28.00,0.00,0,0,0,NULL,0,NULL,NULL,NULL,NULL,'S',1,100,'BI',1,0,0),(234,'AFLOJALOTODO 8.8 OZ','O','B','SQUIRK','U',0.00,0.00,0.00,11,0,0,NULL,0,NULL,NULL,NULL,NULL,'S',1,100,'BI',1,0,0),(235,'AFLOJALOTODO 6.4 OZ','O','B','SQUIRK','U',0.00,0.00,0.00,10,0,0,NULL,0,NULL,NULL,NULL,NULL,'S',1,100,'BI',1,0,0),(236,'LIQUIDO DE FRENO 12 OZ','O','B','NICE','U',0.00,25.00,0.00,0,0,0,NULL,0,NULL,NULL,NULL,NULL,'S',1,100,'BI',1,0,0),(237,'LIQUIDO FRENO LITRO','O','B','NICE','U',0.00,0.00,0.00,11,0,0,NULL,0,NULL,NULL,NULL,NULL,'S',1,100,'BI',1,0,0),(238,'RESISTOL COLA BLANCA GALON','O','B','TANGIT','U',0.00,0.00,0.00,2,0,0,NULL,0,NULL,NULL,NULL,NULL,'S',1,100,'BI',1,0,0),(239,'SODA CAUSTICA','O','B','QUIMISOL','U',0.00,0.00,0.00,37,0,0,NULL,0,NULL,NULL,NULL,NULL,'S',1,100,'BI',1,0,0),(240,'RESANADOR 9.8 ML','O','B','MATYLAN HANKAL','U',0.00,0.00,0.00,4,0,0,NULL,0,NULL,NULL,NULL,NULL,'S',1,100,'BI',1,0,0),(241,'RESANADOR 475ML','O','B','MATYLAN HANKAL','U',0.00,0.00,0.00,4,0,0,NULL,0,NULL,NULL,NULL,NULL,'S',1,100,'BI',1,0,0),(242,'ADESIVO CONCRETO 1/4','O','B','FULL','U',0.00,0.00,0.00,3,0,0,NULL,0,NULL,NULL,NULL,NULL,'S',1,100,'BI',1,0,0),(243,'ADESIVO CONCRETO GALON','O','B','FULL','U',0.00,0.00,0.00,1,0,0,NULL,1,NULL,NULL,NULL,NULL,'S',1,100,'BI',1,0,0),(244,'RESISTOL COLA BLANCA 1/4','O','B','TANGI','U',43.50,53.00,0.00,6,0,0,NULL,0,NULL,NULL,NULL,NULL,'S',1,100,'BI',1,0,0),(245,'RESILTOL COLA BLANCA 1/8','O','B','TANGIT','U',0.00,0.00,0.00,8,0,0,NULL,0,NULL,NULL,NULL,NULL,'S',1,100,'BI',1,0,0),(246,'RESISTOL COLA BLANCA 1/16','O','B','TANGIT','U',0.00,0.00,0.00,5,0,0,NULL,0,NULL,NULL,NULL,NULL,'S',1,100,'BI',1,0,0),(247,'RESISTOL LOMBARD','O','B','TANGIT','U',0.00,0.00,0.00,3,0,0,NULL,0,NULL,NULL,NULL,NULL,'S',1,100,'BI',1,0,0),(248,'SPRAY VAINILLA','O','B','NICE','U',0.00,0.00,0.00,5,0,0,NULL,0,NULL,NULL,NULL,NULL,'S',1,100,'BI',1,0,0),(249,'SPRAY BRILLANTE LOCTITE','O','B','NICE','U',0.00,0.00,0.00,2,0,0,NULL,0,NULL,NULL,NULL,NULL,'S',1,100,'BI',1,0,0),(250,'SILICON DRAKKAR','O','B','NICE','U',0.00,0.00,0.00,1,0,0,NULL,0,NULL,NULL,NULL,NULL,'S',1,100,'BI',1,0,0),(251,'TAPADERA DOBLE CAFE','E','B','GENERAL INDUSTRIAL','U',0.00,12.00,0.00,6,0,0,NULL,0,NULL,NULL,NULL,NULL,'S',6,24,'BI',1,0,0),(252,'TAPADERA DOBLE GRIS','E','B','CHINITA','U',0.00,12.00,0.00,9,0,0,NULL,0,NULL,NULL,NULL,NULL,'S',6,24,'BI',1,0,0),(253,'TAPADERA DOBLE CAFE','E','B','CHINITA','U',0.00,12.00,0.00,3,0,0,NULL,0,NULL,NULL,NULL,NULL,'S',6,24,'BI',1,0,0),(254,'TAPADERA SENCILLA MARFIL','E','B','CHINITA','U',0.00,10.00,0.00,40,0,0,NULL,0,NULL,NULL,NULL,NULL,'S',6,50,'BI',1,0,0),(255,'TAPADERA SENCILLA MARFIL','E','B','BTICINO','U',0.00,15.00,0.00,13,0,0,NULL,0,NULL,NULL,NULL,NULL,'S',6,24,'BI',1,0,0),(256,'TAPADERA SENCILLA CAFE ','E','B','GENERAL INDUSTRIAL','U',0.00,12.00,0.00,2,0,0,NULL,0,NULL,NULL,NULL,NULL,'S',6,24,'BI',1,0,0),(257,'TAPADERA SENCILLA CAFE','E','B','CHINITA','U',0.00,10.00,0.00,1,0,0,NULL,0,NULL,NULL,NULL,NULL,'S',12,24,'BI',1,0,0),(258,'TAPADERA SENCILLA DE METAL','E','B','BTICINO','U',0.00,15.00,0.00,3,0,0,NULL,0,NULL,NULL,NULL,NULL,'S',12,24,'BI',1,0,0),(259,'APAGADOR SENCILLO DE EMPOTRAR','E','B','CHINITO','U',0.00,15.00,0.00,7,0,0,NULL,0,NULL,NULL,NULL,NULL,'S',6,36,'BI',1,0,0),(260,'APAGADOR SENCILLO DE EMPOTRAR','E','B','BRIKEL','U',0.00,12.00,0.00,29,0,0,NULL,0,NULL,NULL,NULL,NULL,'S',6,36,'BI',1,0,0),(261,'APAGADOR SENCILLO DE EMPOTRAR','E','B','ELEKPRICE','U',0.00,12.00,0.00,5,0,0,NULL,0,NULL,NULL,NULL,NULL,'S',6,36,'BI',1,0,0),(262,'APAGADOR SENCILLO DE EMPOTRAR','E','B','WATTSUP','U',0.00,13.00,0.00,3,0,0,NULL,0,NULL,NULL,NULL,NULL,'S',6,24,'BI',1,0,0),(263,'APAGADOR SENCILLO DE EMPOTRAR','E','B','GENERAL INDUSTRIAL','U',0.00,13.00,0.00,3,0,0,NULL,0,NULL,NULL,NULL,NULL,'S',6,24,'BI',1,0,0),(264,'TAPADERA TRIPLE GRIS','E','B','BTICINO','U',0.00,15.00,0.00,1,0,0,NULL,0,NULL,NULL,NULL,NULL,'S',1,24,'BI',1,0,0),(266,'TAPADERA TRIPLE MARFIL','E','B','CHINITA','U',0.00,10.00,0.00,2,0,0,NULL,0,NULL,NULL,NULL,NULL,'S',1,100,'BI',1,0,0),(267,'TAPADERA DOBLE MARFIL','E','B','CHINITA','U',0.00,10.00,0.00,11,0,0,NULL,0,NULL,NULL,NULL,NULL,'S',1,100,'BI',1,0,0),(268,'APAGADOR SENCILLO DE EMPOTRAR','E','B','TRUEN','U',0.00,15.00,0.00,8,0,0,NULL,0,NULL,NULL,NULL,NULL,'S',6,24,'BI',1,0,0),(269,'APAGADOR SENCILLO DE EMPOTRAR MARFIL','E','B','POWER TECH','U',0.00,12.00,0.00,5,0,0,NULL,0,NULL,NULL,NULL,NULL,'S',6,24,'BI',1,0,0),(270,'APAGADOR SENCILLO DE EMPOTRAR','E','B','TROYA TOOLS','U',0.00,12.00,0.00,1,0,0,NULL,0,NULL,NULL,NULL,NULL,'S',3,12,'BI',1,0,0),(271,'APAGADOR SENCILLO DE EMPOTRAR','E','B','BTICINO ','U',0.00,15.00,0.00,1,0,0,NULL,0,NULL,NULL,NULL,NULL,'S',6,12,'BI',1,0,0),(272,'APAGADOR TRIPLE DE EMPOTRAR MARFIL','E','B','BRICKELL','U',0.00,22.00,0.00,12,0,0,NULL,0,NULL,NULL,NULL,NULL,'S',6,36,'BI',1,0,0),(273,'APAGADOR TRIPLE DE EMPOTRAR','E','B','MAX LIGHT','U',0.00,15.00,0.00,1,0,0,NULL,0,NULL,NULL,NULL,NULL,'S',6,12,'BI',1,0,0),(274,'APAGADOR SENCILLO DE EMPOTRAR BLANCO','E','B','POWER TECH ','U',0.00,18.00,0.00,1,0,0,NULL,0,NULL,NULL,NULL,NULL,'S',6,12,'BI',1,0,0),(275,'APAGADOR SENCILLO TRIPLE DE EMPOTRAR BLANCO','E','B','BRICKELL','U',0.00,18.00,0.00,19,0,0,NULL,0,NULL,NULL,NULL,NULL,'S',6,12,'BI',1,0,0),(276,'APAGADOR TRIPLE DE EMPOTRAR BLANCO','E','B','POWER TECH','U',0.00,22.00,0.00,14,0,0,NULL,0,NULL,NULL,NULL,NULL,'S',6,24,'BI',1,0,0),(277,'APAGADOR TRIPLE EMPOTRAR','E','B','WATSUP','U',0.00,18.00,0.00,4,0,0,NULL,0,NULL,NULL,NULL,NULL,'S',6,24,'BI',1,0,0),(278,'TOMACORRIENTE SOBRE PONER','E','B','BTICINO','U',0.00,22.00,0.00,10,0,0,NULL,0,NULL,NULL,NULL,NULL,'S',6,24,'BI',1,0,0),(279,'TOMACORRIENTE SOBRE PONER TRIPLE','E','B','BTICINO','U',0.00,20.00,0.00,12,0,0,NULL,0,NULL,NULL,NULL,NULL,'S',6,24,'BI',1,0,0),(280,'TOMACORRIENTE SOBRE PONER DUPLE','E','B','BRICKELL','U',0.00,15.00,0.00,15,0,0,NULL,0,NULL,NULL,NULL,NULL,'S',6,36,'BI',1,0,0),(281,'APAGADOR SENCILLO DE EMPOTRAR','E','B','ELECTRICE','U',0.00,0.00,0.00,6,0,0,NULL,0,NULL,NULL,NULL,NULL,'S',1,100,'BI',1,0,0),(282,'PLAFONERA','E','B','TROYA TOOLS','U',0.00,0.00,0.00,1,0,0,NULL,0,NULL,NULL,NULL,NULL,'S',1,100,'BI',1,0,0),(283,'APAGADOR SENCILLO EMPOTRAR','E','B','CHINITO','U',0.00,0.00,0.00,2,0,0,NULL,0,NULL,NULL,NULL,NULL,'S',1,100,'BI',1,0,0),(284,'APAGADOR TORTUGA','E','B','BTICINO','U',0.00,15.00,0.00,26,0,0,NULL,0,NULL,NULL,NULL,NULL,'S',6,36,'BI',1,0,0),(285,'ESPIGA NEGRA ','E','B','ELEKPRICE','U',0.00,9.00,0.00,10,0,0,NULL,0,NULL,NULL,NULL,NULL,'S',6,36,'BI',1,0,0),(286,'APAGADOR DOBLE EMPOTRAR MARFIL','E','B','BRICKELL','U',0.00,20.00,0.00,17,0,0,NULL,0,NULL,NULL,NULL,NULL,'M',6,36,'BI',1,0,0),(287,'APAGADOR DOBLE EMPOTRAR MARFIL','E','B','POWETC','U',0.00,19.00,0.00,6,0,0,NULL,0,NULL,NULL,NULL,NULL,'M',6,36,'BI',1,0,0),(288,'APAGADOR DOBLE BOTON CUADRADO EMPOTRADO','E','B','TROEN','U',0.00,15.00,0.00,52,0,0,NULL,0,NULL,NULL,NULL,NULL,'S',6,36,'BI',1,0,0),(289,'APAGADOR DOBLE EMPOTRAR','E','B','ROCKWELL','U',0.00,20.00,0.00,54,0,0,NULL,0,NULL,NULL,NULL,NULL,'M',6,36,'BI',1,0,0),(290,'APAGADOR DOBLE EMPOTRABLE','E','B','POWETC','U',0.00,16.00,0.00,15,0,0,NULL,0,NULL,NULL,NULL,NULL,'M',6,36,'BI',1,0,0),(291,'APAGADOR DOBLE EMPOTRABLE','E','B','TOPPER','U',0.00,20.00,0.00,10,0,0,NULL,0,NULL,NULL,NULL,NULL,'M',6,36,'BI',1,0,0),(292,'APAGADOR DOBLE EMPOTRAR','E','B','ELECTRICE','U',0.00,16.00,0.00,16,0,0,NULL,0,NULL,NULL,NULL,NULL,'M',6,36,'BI',1,0,0),(293,'CUADRADO DOBLE EMPOTRAR','E','B','CHINITO','U',0.00,18.00,0.00,5,0,0,NULL,0,NULL,NULL,NULL,NULL,'M',6,36,'BI',1,0,0),(294,'APAGADOR DOBLE EMPOTRABLE','E','B','WATTSUP','U',0.00,18.00,0.00,9,0,0,NULL,0,NULL,NULL,NULL,NULL,'M',6,36,'BI',1,0,0),(295,'APAGADOR DOBLE EMPOTRABLE','E','B','TROYA','U',0.00,18.00,0.00,1,0,0,NULL,0,NULL,NULL,NULL,NULL,'M',6,36,'BI',1,0,0),(296,'APAGADOR DOBLE EMPOTRAR','E','B','TROEN','U',0.00,18.00,0.00,4,0,0,NULL,0,NULL,NULL,NULL,NULL,'M',6,36,'BI',1,0,0),(297,'APAGADOR TORTUGA ','E','B','TROYA ','U',0.00,7.00,0.00,15,0,0,NULL,0,NULL,NULL,NULL,NULL,'S',6,36,'BI',1,0,0),(298,'APAGADOR TORTUGA','E','B','HV ELECTRIC','U',0.00,8.00,0.00,0,0,0,NULL,0,NULL,NULL,NULL,NULL,'S',6,36,'BI',1,0,0),(299,'PROTECTOR PARA TOMACORRIENTE SENCILLO GRIS','E','B','FULGOR ','U',0.00,15.00,0.00,3,0,0,NULL,0,NULL,NULL,NULL,NULL,'M',6,36,'BI',1,0,0),(300,'PROTECTOR PARA TOMACORRIENTE DOBLE GRIS ','E','B','CHINITO','U',0.00,15.00,0.00,5,0,0,NULL,0,NULL,NULL,NULL,NULL,'M',6,36,'BI',1,0,0),(301,'PROTECTOR DOBLE PARA TOMACORRIENTE GRIS','E','B','FULGORE','U',0.00,18.00,0.00,2,0,0,NULL,0,NULL,NULL,NULL,NULL,'M',6,36,'BI',1,0,0),(302,'PROTECTOR DOBLE PARA TOMACORRIENTE GRIS','E','B','ARGOS','U',0.00,15.00,0.00,1,0,0,NULL,0,NULL,NULL,NULL,NULL,'M',6,36,'BI',1,0,0),(303,'TOMACORRIENTE DOBLE DE EMPOTRAR ','E','B','CHINITO','U',0.00,12.00,0.00,52,0,0,NULL,0,NULL,NULL,NULL,NULL,'M',6,36,'BI',1,0,0),(304,'TOMACORRIENTE DOBLE PARA EMPOTRAR','E','B','TOPPER ','U',0.00,20.00,0.00,8,0,0,NULL,0,NULL,NULL,NULL,NULL,'M',6,36,'BI',1,0,0),(305,'TOMACORRIENTE SENCILLO EMPOTRAR','E','B','ROCKWELL ','U',0.00,15.00,0.00,6,0,0,NULL,0,NULL,NULL,NULL,NULL,'M',6,36,'BI',1,0,0),(306,'TOMACORRIENTE DOBLE OVALADO ','E','B','ELECTRICE','U',0.00,15.00,0.00,0,0,0,NULL,0,NULL,NULL,NULL,NULL,'M',6,36,'BI',1,0,0),(307,'TOMACORRIENTE TRIPLEX EMPOTRAR','E','B','POWER TECH','U',0.00,20.00,0.00,1,0,0,NULL,0,NULL,NULL,NULL,NULL,'M',6,36,'BI',1,0,0),(308,'TOMACORRIENTE DOBLE CON USB EMPOTRAR','E','B','ROCKWELL','U',0.00,60.00,0.00,10,0,0,NULL,0,NULL,NULL,NULL,NULL,'M',6,36,'BI',1,0,0),(309,'TOMACORRIENTE DOBLE MARFIL ','E','B','CHINITO','U',0.00,18.00,0.00,18,0,0,NULL,0,NULL,NULL,NULL,NULL,'M',6,36,'BI',1,0,0),(310,'TOMACORRIENTE DOBLE CUADRADO EMPOTRAR ','E','B','ELECTRICE','U',0.00,15.00,0.00,3,0,0,NULL,0,NULL,NULL,NULL,NULL,'M',6,12,'BI',1,0,0),(311,'TOMACORRIENTE EN DADO SIMPLE ','E','B','BTICINO','U',0.00,20.00,0.00,7,0,0,NULL,0,NULL,NULL,NULL,NULL,'M',6,12,'BI',1,0,0),(312,'TOMACORRIENTE EN DADO TRIWEY','E','B','BTICINO','U',0.00,20.00,0.00,6,0,0,NULL,0,NULL,NULL,NULL,NULL,'M',6,12,'BI',1,0,0),(313,'TOMACORRIENTE EN DADO TRIWEY NEGRO ','E','B','CHINITO','U',0.00,12.00,0.00,16,0,0,NULL,0,NULL,NULL,NULL,NULL,'M',6,12,'BI',1,0,0),(314,'TOMACORRIENTE DE EMPOTRAR 220','E','B','CHINITO','U',0.00,22.00,0.00,6,0,0,NULL,0,NULL,NULL,NULL,NULL,'S',3,12,'BI',1,0,0),(315,'TOMACORRIENTE DE EMPOTRAR 220','E','B','EAGLE','U',0.00,35.00,0.00,9,0,0,NULL,0,NULL,NULL,NULL,NULL,'S',3,12,'BI',1,0,0),(316,'TOMACORRIENTE SOBREPONER 220','E','B','CHINITO','U',0.00,35.00,0.00,15,0,0,NULL,0,NULL,NULL,NULL,NULL,'S',3,12,'BI',1,0,0),(317,'TOMACORRIENTE SOBREPONER 220','E','B','EAGLE','U',0.00,38.00,0.00,1,0,0,NULL,0,NULL,NULL,NULL,NULL,'S',3,12,'BI',1,0,0),(318,'ESPIGA SENCILLA ','E','B','CHINITA','U',0.00,12.00,0.00,4,0,0,NULL,0,NULL,NULL,NULL,NULL,'S',6,12,'BI',1,0,0),(319,'ESPIGA POLARIZADA ','E','B','CHINITA','U',0.00,15.00,0.00,3,0,0,NULL,0,NULL,NULL,NULL,NULL,'S',6,12,'BI',1,0,0),(320,'PLACA PARA TOMACORRIENTE DOBLE','A','B','VOLTECH','U',10.00,0.00,0.00,10,0,0,NULL,0,NULL,NULL,NULL,NULL,'S',6,24,'BI',1,0,0),(321,'PLACA PARA TOMACCORRIENTE DOBLE','E','B','CHINITA','U',0.00,5.00,0.00,12,0,0,NULL,0,NULL,NULL,NULL,NULL,'S',6,24,'BI',1,0,0),(322,'PLACA CIEGA PARA CAJETIN','E','B','EANGLE','U',0.00,8.00,0.00,10,0,0,NULL,0,NULL,NULL,NULL,NULL,'S',6,24,'BI',1,0,0),(323,'PLACA CIEGA PARA CAJETIN','E','B','EANGLE','U',0.00,8.00,0.00,9,0,0,NULL,0,NULL,NULL,NULL,NULL,'S',6,26,'BI',1,0,0),(324,'PLACA PARA TOMACORRIENTE 2.20 METAL','E','B','FULGORE','U',15.00,0.00,0.00,12,0,0,NULL,0,NULL,NULL,NULL,NULL,'S',6,24,'BI',1,0,0),(325,'SOKET DE HULE ','E','B','CHINITA','U',8.00,0.00,0.00,3,0,0,NULL,0,NULL,NULL,NULL,NULL,'S',6,24,'BI',1,0,0),(326,'EXTENCION ELECTRICA  15 MTS.','E','B','BASE VALUE','U',0.00,100.00,0.00,3,0,0,NULL,0,NULL,NULL,NULL,NULL,'S',1,3,'BI',1,0,0),(327,'EXTENCION ELECTRICA 30 MTS.','E','B','BASE VALUE','U',0.00,190.00,0.00,1,0,0,NULL,0,NULL,NULL,NULL,NULL,'S',1,3,'BI',1,0,0),(328,'EXTENCION ELECTRICA  2.75 MTS. SENCIA','E','B','ATLAS','U',0.00,72.00,0.00,2,0,0,NULL,0,NULL,NULL,NULL,NULL,'S',5,12,'BI',1,0,0),(329,'EXTENCION ELECTRICA 1.80 MTS. SENCILLA','E','B','ATLAS','U',0.00,20.00,0.00,2,0,0,NULL,0,NULL,NULL,NULL,NULL,'S',5,12,'BI',1,0,0),(330,'EXTENCION ELECTRICA  3.60 MTS. SENCILLA','E','B','ATLAS','U',0.00,25.00,0.00,1,0,0,NULL,0,NULL,NULL,NULL,NULL,'S',5,12,'BI',1,0,0),(331,'BASE PARA REFLECTOR SENCILLO DE METAL','E','B','CHINITO','U',0.00,28.00,0.00,16,0,0,NULL,0,NULL,NULL,NULL,NULL,'S',10,24,'BI',1,0,0),(332,'BASE PARA REFLECTOR DOBLE DE METAL','E','B','CHINITO','U',0.00,35.00,0.00,13,0,0,NULL,0,NULL,NULL,NULL,NULL,'S',10,24,'BI',1,0,0),(333,'ESPIGA SENCILLA','E','B','TROYA','U',0.00,8.00,0.00,8,0,0,NULL,0,NULL,NULL,NULL,NULL,'S',6,24,'BI',1,0,0),(334,'BASE PARA REFLECTOR METAL','E','B','LUX LITE','U',0.00,42.00,0.00,1,0,0,NULL,0,NULL,NULL,NULL,NULL,'S',6,24,'BI',1,0,0),(335,'SOKET TIPO CRUZ CONTOMA','E','B','CHINITO','U',0.00,15.00,0.00,4,0,0,NULL,0,NULL,NULL,NULL,NULL,'S',6,10,'BI',1,0,0),(336,'TOMACORRIENTE EMPOTRAR TRIPLEX OVALADO','E','B','POWERTCH','U',0.00,18.00,0.00,1,0,0,NULL,0,NULL,NULL,NULL,NULL,'S',6,12,'BI',1,0,0),(337,'APAGADOR SENCILLO DE EMPOTRAR ','E','B','CHINITO','U',0.00,12.00,0.00,8,0,0,NULL,0,NULL,NULL,NULL,NULL,'S',6,12,'BI',1,0,0),(338,'TOMACORRIENTE SOBRE PONER DUPLEX','E','B','CHINITO','U',0.00,12.00,0.00,10,0,0,NULL,0,NULL,NULL,NULL,NULL,'S',6,24,'BI',1,0,0),(339,'TOMACORRIENTE SOBRE PONER DUPLEX','E','B','TROYA','U',0.00,15.00,0.00,5,0,0,NULL,0,NULL,NULL,NULL,NULL,'S',6,36,'BI',1,0,0),(340,'TOMACORRIENTE SOBRE PONER DUPLEX','E','B','ELECTRICE','U',0.00,15.00,0.00,3,0,0,NULL,0,NULL,NULL,NULL,NULL,'S',6,36,'BI',1,0,0),(341,'TOMACORRIENTE SOBRE PONER DUPLEX CUADRADO','E','B','TROYA','U',0.00,12.00,0.00,19,0,0,NULL,0,NULL,NULL,NULL,NULL,'S',6,24,'BI',1,0,0),(342,'TOMACORRIENTE SOBRE PÓNER CUADRADO METAL','E','B','TALTOOLS','U',0.00,18.00,0.00,13,0,0,NULL,0,NULL,NULL,NULL,NULL,'S',6,24,'BI',1,0,0),(343,'TOMA CORIENTE SOBRE PONER CUADRADOS','E','B','FULWORE','U',0.00,12.00,0.00,3,0,0,NULL,0,NULL,NULL,NULL,NULL,'S',6,24,'BI',1,0,0),(344,'TOMACORRIENTE SOBRE PONER','E','B','EANGLE','U',0.00,15.00,0.00,1,0,0,NULL,0,NULL,NULL,NULL,NULL,'S',6,24,'BI',1,0,0),(345,'TOMACORRIENTE SOBRE PONER CUADRADO','E','B','CHINITO','U',0.00,12.00,0.00,0,0,0,NULL,0,NULL,NULL,NULL,NULL,'S',6,24,'BI',1,0,0),(346,'TOMACORRIENTE DE EMPOTRAR DOBLE NEGRO','E','B','TROYA','U',0.00,18.00,0.00,19,0,0,NULL,0,NULL,NULL,NULL,NULL,'S',6,36,'BI',1,0,0),(347,'TOMACORRIENTE DOBLE DE EMPOTRAR ','E','B','MAXLIGT','U',0.00,15.00,0.00,7,0,0,NULL,0,NULL,NULL,NULL,NULL,'S',6,24,'BI',1,0,0),(348,'TOMACORRIENTE DOBLE EMPOTRAR ','E','B','ROCKWELL','U',0.00,20.00,0.00,24,0,0,NULL,0,NULL,NULL,NULL,NULL,'S',36,6,'BI',1,0,0),(349,'TOMACORRIEBTE DOBLE EMPOTRAR ','E','B','TROYA TOOLS ','U',0.00,18.00,0.00,30,0,0,NULL,0,NULL,NULL,NULL,NULL,'S',36,6,'BI',1,0,0),(350,'TOMACORRIENTE CONVINADO CON APAGADOR ENPOTRAR ','E','B','TOOPER ','U',0.00,20.00,0.00,11,0,0,NULL,0,NULL,NULL,NULL,NULL,'S',36,6,'BI',1,0,0),(351,'TOMACORRIENTE CONVINADO CON APAGADOR ENPOTRAR ','E','B','CHINITO','U',0.00,12.00,0.00,15,0,0,NULL,0,NULL,NULL,NULL,NULL,'S',36,6,'BI',1,0,0),(352,'BOMBILA ASPIRAL LED 9W ','E','B','ANGEL LIGHT','U',0.00,27.00,0.00,1,0,0,NULL,0,NULL,NULL,NULL,NULL,'S',36,6,'BI',1,0,0),(353,'TOMACORRIENTE CONVINADO CON APAGADOR  ','E','B','POWER TECH ','U',0.00,18.00,0.00,6,0,0,NULL,0,NULL,NULL,NULL,NULL,'S',6,36,'BI',1,0,0),(354,'TOMACORRIENTE CONVINADO CON APAGADOR EMPOTRAR ','E','B','POWER TEHC ','U',0.00,18.00,0.00,1,0,0,NULL,0,NULL,NULL,NULL,NULL,'M',6,36,'BI',1,0,0),(355,'TOMACORRIENTE DUPLEX ','E','B','CHINITO ','U',0.00,12.00,0.00,23,0,0,NULL,0,NULL,NULL,NULL,NULL,'S',6,36,'BI',1,0,0),(356,'ESPIGA POLARIZADA ','E','B','TROYA TOOLS ','U',0.00,8.00,0.00,0,0,0,NULL,0,NULL,NULL,NULL,NULL,'S',6,36,'BI',1,0,0),(357,'SOKET DE HULE ','E','B','BRICKELL','U',0.00,9.00,0.00,5,0,0,NULL,0,NULL,NULL,NULL,NULL,'S',6,36,'BI',1,0,0),(358,'SOKE DE HULE','E','B','ROCKWELL','U',0.00,10.00,0.00,11,0,0,NULL,0,NULL,NULL,NULL,NULL,'S',6,36,'BI',1,0,0),(359,'SOKE DE HULE','E','B','FULGORE','U',0.00,10.00,0.00,14,0,0,NULL,0,NULL,NULL,NULL,NULL,'S',6,36,'BI',1,0,0),(360,'SOKE CON ESPIGA','E','B','ROCKWELL','U',0.00,10.00,0.00,7,0,0,NULL,0,NULL,NULL,NULL,NULL,'S',6,36,'BI',1,0,0),(361,'SOKET DE HULE','E','B','TROYA','U',0.00,10.00,0.00,1,0,0,NULL,0,NULL,NULL,NULL,NULL,'S',6,36,'BI',1,0,0),(362,'SOKET DE HULE ','E','B','ELECTRICE','U',0.00,10.00,0.00,1,0,0,NULL,0,NULL,NULL,NULL,NULL,'S',6,36,'BI',1,0,0),(363,'CINTA DE AISLAR BLANCA MEDIANA','E','B','HUNTER','U',0.00,10.00,0.00,1,0,0,NULL,0,NULL,NULL,NULL,NULL,'S',12,30,'BI',1,0,0),(364,'CINTA  AISLAR BLANCA PEQUEÑA','E','B','TRUPER','U',0.00,10.00,0.00,1,0,0,NULL,0,NULL,NULL,NULL,NULL,'S',10,30,'BI',1,0,0),(365,'TYPE TEI TRASPARENTE 2PG','E','B','BESTAPE','U',0.00,15.00,0.00,9,0,0,NULL,0,NULL,NULL,NULL,NULL,'S',10,25,'BI',1,0,0),(366,'TYPE TEI TRASPARENTE 2 PG','E','B','TARTAN','U',0.00,12.00,0.00,6,0,0,NULL,0,NULL,NULL,NULL,NULL,'S',10,25,'BI',1,0,0),(367,'CINTA DE AISLAR SCOTCH 33 ','E','B','SCOTCH 3M','U',0.00,50.00,0.00,1,0,0,NULL,0,NULL,NULL,NULL,NULL,'S',10,30,'BI',1,0,0),(368,'CINTA DE AISLAR VULGANIZADA','E','B','SCOTCH 3M','U',0.00,135.00,0.00,2,0,0,NULL,0,NULL,NULL,NULL,NULL,'S',10,20,'BI',1,0,0),(369,'ESPIGA CON 3 ADAPTADORES ','E','B','MA','U',0.00,20.00,0.00,6,0,0,NULL,0,NULL,NULL,NULL,NULL,'S',2,5,'BI',1,0,0),(370,'ESPIGA CON TRES ADAPTADORES TIPO CRUZ','E','B','MA','U',0.00,25.00,0.00,1,0,0,NULL,0,NULL,NULL,NULL,NULL,'S',2,5,'BI',1,0,0),(371,'MASKING TAPE DE 1/2','E','B','POWERTECH','U',0.00,12.00,0.00,11,0,0,NULL,0,NULL,NULL,NULL,NULL,'S',6,24,'BI',1,0,0),(372,'MASKING TAPE DE 1/2','E','B','3M','U',0.00,8.00,0.00,20,0,0,NULL,0,NULL,NULL,NULL,NULL,'S',6,24,'BI',1,0,0),(373,'MASKING TAPE DE 1/2','E','B','BESTAPE','U',0.00,6.00,0.00,20,0,0,NULL,0,NULL,NULL,NULL,NULL,'S',6,24,'BI',1,0,0),(374,'MASKING TAPE DE 1/2 ','E','B','FANDELY','U',0.00,8.00,0.00,4,0,0,NULL,0,NULL,NULL,NULL,NULL,'S',6,24,'BI',1,0,0),(375,'MASKING TAPE DE 3/4','E','B','POWERTECH','U',0.00,15.00,0.00,15,0,0,NULL,0,NULL,NULL,NULL,NULL,'S',6,24,'BI',1,0,0),(376,'MASKING TAPE DE 3/4','E','B','3M','U',0.00,10.00,0.00,7,0,0,NULL,0,NULL,NULL,NULL,NULL,'S',12,30,'BI',1,0,0),(377,'MASKING TAPE DE 3/4','E','B','BESTAPE','U',0.00,10.00,0.00,1,0,0,NULL,0,NULL,NULL,NULL,NULL,'S',12,30,'BI',1,0,0),(378,'MASKING TAPE DE 1/2','E','B','BESTAPE','U',0.00,15.00,0.00,6,0,0,NULL,0,NULL,NULL,NULL,NULL,'S',12,30,'BI',1,0,0),(379,'MASKING TAPE DE 1 PG','E','B','3M','U',0.00,18.00,0.00,2,0,0,NULL,0,NULL,NULL,NULL,NULL,'S',12,30,'BI',1,0,0),(380,'MASKING TAPE DE 1 PG','E','B','TESA','U',0.00,15.00,0.00,2,0,0,NULL,0,NULL,NULL,NULL,NULL,'S',12,30,'BI',1,0,0),(381,'REIGLETAS 6 TOMACORRIENTES','E','B','FULGORE','U',0.00,25.00,0.00,2,0,0,NULL,0,NULL,NULL,NULL,NULL,'S',5,10,'BI',1,0,0),(382,'REIGLETA DE 6 TOMACORRIETE','E','B','VALUE','U',0.00,46.00,0.00,3,0,0,NULL,0,NULL,NULL,NULL,NULL,'S',5,10,'BI',1,0,0),(383,'REIGLETA DE 6 TOMACORRIETE','E','B','VIKINGO','U',0.00,37.00,0.00,1,0,0,NULL,0,NULL,NULL,NULL,NULL,'S',5,10,'BI',1,0,0),(384,'REIGLETA DE 6 TOMACORRIETE','E','B','SUPER','U',0.00,55.00,0.00,1,0,0,NULL,0,NULL,NULL,NULL,NULL,'S',5,10,'BI',1,0,0),(385,'REIGLETA DE 8 TOMACORRIETE','E','B','FULGORE','U',0.00,45.00,0.00,3,0,0,NULL,0,NULL,NULL,NULL,NULL,'S',5,10,'BI',1,0,0),(386,'REIGLETA DE 8 TOMACORRIETE ','E','B','VOLTECH','U',0.00,45.00,0.00,1,0,0,NULL,0,NULL,NULL,NULL,NULL,'S',5,10,'BI',1,0,0),(387,'EXTENSION ELECTRICA 7.6 MTS. USO RUDO','E','B','BEST VALUE','U',0.00,75.00,0.00,1,0,0,NULL,0,NULL,NULL,NULL,NULL,'S',5,10,'BI',1,0,0),(388,'SOKET PORTA LAMPARA ','E','B','FULGORE','U',0.00,10.00,0.00,2,0,0,NULL,0,NULL,NULL,NULL,NULL,'S',10,30,'BI',1,0,0),(389,'SOKET DOBLE COLOR CAFES ','E','B','FULGORE','U',0.00,10.00,0.00,5,0,0,NULL,0,NULL,NULL,NULL,NULL,'S',10,30,'BI',1,0,0),(390,'SOKET PLASTICO CON CADENA ','E','B','CHINITO','U',0.00,10.00,0.00,13,0,0,NULL,0,NULL,NULL,NULL,NULL,'S',10,30,'BI',1,0,0),(391,'SOKET CON TOMA CORRIENTE PLAS CON CADENA','E','B','CHINITO','U',0.00,10.00,0.00,11,0,0,NULL,0,NULL,NULL,NULL,NULL,'S',10,30,'BI',1,0,0),(392,'ESPIGA  HEMBRA AMARILLA POLARISADA','E','B','CHINITO','U',0.00,13.00,0.00,6,0,0,NULL,0,NULL,NULL,NULL,NULL,'S',10,30,'BI',1,0,0),(393,'ESPIGA HEMBRA AMARILLA SENCILLA','E','B','CHINITO','U',0.00,13.00,0.00,4,0,0,NULL,0,NULL,NULL,NULL,NULL,'S',10,30,'BI',1,0,0),(394,'ESPIGA HEMBRA AMARILLA POLARISADA','E','B','FULGORE','U',0.00,13.00,0.00,2,0,0,NULL,0,NULL,NULL,NULL,NULL,'S',10,30,'BI',1,0,0),(395,'TOMACORRIENTE  ENPOTRAR','E','B','CHINITO','U',0.00,22.00,0.00,12,0,0,NULL,0,NULL,NULL,NULL,NULL,'S',10,30,'BI',1,0,0),(396,'TIMBRES TORTUGAS ','E','B','CHINITO','U',0.00,5.00,0.00,8,0,0,NULL,0,NULL,NULL,NULL,NULL,'S',10,30,'BI',1,0,0),(397,'APAGADORES TORTUGAS ','E','B','CHINITO','U',0.00,5.00,0.00,42,0,0,NULL,0,NULL,NULL,NULL,NULL,'S',10,50,'BI',1,0,0),(398,'TOMACORRIENTE TORTUGA','E','B','CHINITO','U',0.00,8.00,0.00,5,0,0,NULL,0,NULL,NULL,NULL,NULL,'S',10,40,'BI',1,0,0),(399,'APAGADORES TORTUGAS CON TAPADERAS','E','B','CHINITO','U',0.00,8.00,0.00,4,0,0,NULL,0,NULL,NULL,NULL,NULL,'S',10,25,'BI',1,0,0),(400,'APAGADOR PARA TIMBRE SENCILLO','E','B','CHINITO','U',0.00,15.00,0.00,14,0,0,NULL,0,NULL,NULL,NULL,NULL,'S',10,25,'BI',1,0,0),(401,'TOMACORRIENTE CON ENTRADA COHAXIAL ','E','B','CHINITO','U',0.00,14.00,0.00,11,0,0,NULL,0,NULL,NULL,NULL,NULL,'S',10,30,'BI',1,0,0),(402,'TOMACORRIENTE CON ENTRADA DE RED','E','B','CHINITO','U',0.00,15.00,0.00,18,0,0,NULL,0,NULL,NULL,NULL,NULL,'S',10,30,'BI',1,0,0),(403,'TOMACORRIENTE SOBRE PONER TORTUGA ','E','B','BRICKELL','U',0.00,15.00,0.00,9,0,0,NULL,0,NULL,NULL,NULL,NULL,'S',10,30,'BI',1,0,0),(404,'TOMACORRIENTE SOBRE PONER POLARISADO','E','B','ELECTRICE','U',0.00,12.00,0.00,5,0,0,NULL,0,NULL,NULL,NULL,NULL,'S',10,30,'BI',1,0,0),(405,'APAGADOR DADO SENCILLO','E','B','CHINITO','U',0.00,12.00,0.00,16,0,0,NULL,0,NULL,NULL,NULL,NULL,'S',10,30,'BI',1,0,0),(406,'PROTECTOR PARA TOMA . SENCILLO','E','B','CHINITO','U',0.00,18.00,0.00,17,0,0,NULL,0,NULL,NULL,NULL,NULL,'S',10,30,'BI',1,0,0),(407,'APAGADOR DE PALANCA DOBLE ','E','B','VOLTECH','U',0.00,15.00,0.00,3,0,0,NULL,0,NULL,NULL,NULL,NULL,'S',10,30,'BI',1,0,0),(408,'TOMACORRIENTE DOBLE CUADRADO','E','B','CHINITO','U',0.00,15.00,0.00,28,0,0,NULL,0,NULL,NULL,NULL,NULL,'S',10,30,'BI',1,0,0),(409,'ADAPTADOR PARA BOMBILLA DE E40 A E27','E','B','HUNTER','U',0.00,30.00,0.00,1,0,0,NULL,0,NULL,NULL,NULL,NULL,'S',10,25,'BI',1,0,0),(410,'TOMACORRIENTE EMPOTRAR TRIPLEX  CUADRADO','E','B','CHINITO','U',0.00,18.00,0.00,6,0,0,NULL,0,NULL,NULL,NULL,NULL,'S',10,30,'BI',1,0,0),(411,'PLACA PARA TOMACORRIENTE DOBLE','E','B','FULGORE','U',0.00,10.00,0.00,13,0,0,NULL,0,NULL,NULL,NULL,NULL,'S',10,30,'BI',1,0,0),(412,'PLACA PARA TOMACORRIENTE DOBLE ','E','B','VOLTECH','U',0.00,10.00,0.00,4,0,0,NULL,0,NULL,NULL,NULL,NULL,'S',10,30,'BI',1,0,0),(413,'PLACA PARA TOMACORRIENTE DOBLE','E','B','ANGLE','U',0.00,10.00,0.00,11,0,0,NULL,0,NULL,NULL,NULL,NULL,'S',10,30,'BI',1,0,0),(414,'PLACA PARA  APAGADOR DE PLACA SENCILLO ','E','B','ANGLE','U',0.00,10.00,0.00,16,0,0,NULL,0,NULL,NULL,NULL,NULL,'S',6,24,'BI',1,0,0),(415,'PLACA PARA  APADOR DE PALANCA SENCILLA','E','B','CHINITO','U',0.00,10.00,0.00,5,0,0,NULL,0,NULL,NULL,NULL,NULL,'S',6,24,'BI',1,0,0),(416,'PLACA PARA APAGADOR DE PALANCA SENCILLA','E','B','VOLTECH','U',0.00,5.00,0.00,4,0,0,NULL,0,NULL,NULL,NULL,NULL,'S',6,24,'BI',1,0,0),(417,'PLACA PARA  APAGADOR DE PALANCA SENCILLA','E','B','FULGORE','U',0.00,10.00,0.00,3,0,0,NULL,0,NULL,NULL,NULL,NULL,'S',6,24,'BI',1,0,0),(418,'ESPIGA METALICA POLARIZADA','E','B','ELECTRICE','U',0.00,8.00,0.00,2,0,0,NULL,0,NULL,NULL,NULL,NULL,'S',6,24,'BI',1,0,0),(419,'REPOSADERA PLASTICA REGIA METAL 2 1/2','G','B','BRICKELL','U',0.00,15.00,0.00,6,0,0,NULL,0,NULL,NULL,NULL,NULL,'S',10,25,'BI',1,0,0),(420,'REPOSADERA CUADRADA PLASTICA CON REGIA CROMADA 2 PG.','G','B','COFLEX','U',0.00,38.00,0.00,6,0,0,NULL,0,NULL,NULL,NULL,NULL,'S',5,10,'BI',1,0,0),(421,'REPOSADERA REDONDA PLASTICA 2 PG.','G','B','COFLEX','U',0.00,12.00,0.00,16,0,0,NULL,0,NULL,NULL,NULL,NULL,'S',5,10,'BI',1,0,0),(422,'REGIA CUADRADA INOXIDABLE 2 PG.','G','B','COFLEX','U',0.00,50.00,0.00,5,0,0,NULL,0,NULL,NULL,NULL,NULL,'S',5,10,'BI',1,0,0),(423,'CHORRO DE PALANCA  3/4 METAL','G','B','BOSSI','U',0.00,20.00,0.00,10,0,0,NULL,0,NULL,NULL,NULL,NULL,'S',10,20,'BI',1,0,0),(424,'CHORRO DE PALANCA ROJO 1/2 METAL','G','B','KUBAL','U',0.00,25.00,0.00,6,0,0,NULL,0,NULL,NULL,NULL,NULL,'S',10,20,'BI',1,0,0),(425,'CHORRO DE PALANCA 3/4 METAL','G','B','KUBAL','U',0.00,38.00,0.00,3,0,0,NULL,0,NULL,NULL,NULL,NULL,'S',10,20,'BI',1,0,0),(426,'LLAVE PARA LAVAMANO DOBLE 1/2','G','B','AQUA','U',0.00,75.00,0.00,2,0,0,NULL,0,NULL,NULL,NULL,NULL,'S',10,20,'BI',1,0,0),(427,'CABEZA PARA DUCHA REDONDA  3 1/2 CROMADA','G','B','CHINITO','U',0.00,18.00,0.00,7,0,0,NULL,0,NULL,NULL,NULL,NULL,'S',10,20,'BI',1,0,0),(428,'CABEZA PARA DUCHA REDONDA 3 1/2 PLA BLANCA','G','B','CHINITA','U',0.00,15.00,0.00,19,0,0,NULL,0,NULL,NULL,NULL,NULL,'S',10,20,'BI',1,0,0),(429,'MESCLADORA PARA LAVATRASTO COMPLETO 8 PG.','G','B','PLUS','U',0.00,135.00,0.00,1,0,0,NULL,0,NULL,NULL,NULL,NULL,'S',5,10,'BI',1,0,0),(430,'PALANCA PARA TANQUE SANITARIO CROMADO','G','B','AQUALINA','U',0.00,12.00,0.00,12,0,0,NULL,0,NULL,NULL,NULL,NULL,'S',5,12,'BI',1,0,0),(431,'REGADERA REDONDA COMPLETA  8 PG.','G','B','GRIVEN','U',0.00,95.00,0.00,0,0,0,NULL,0,NULL,NULL,NULL,NULL,'S',5,12,'BI',1,0,0),(432,'BRAZO PARA DUCHA DE METAL 45 CM','G','B','MA','U',0.00,60.00,0.00,2,0,0,NULL,0,NULL,NULL,NULL,NULL,'G',2,5,'BI',1,0,0),(433,'INTERRUPTOR AUTOMATICO MACHO','G','B','CHINITO','U',0.00,65.00,0.00,4,0,0,NULL,0,NULL,NULL,NULL,NULL,'G',2,6,'BI',1,0,0),(434,'REGADRA OVALADA PLASTICA 20X20 CM','G','B','MA','U',0.00,160.00,0.00,1,0,0,NULL,0,NULL,NULL,NULL,NULL,'G',2,6,'BI',1,0,0),(435,'CABEZA DE DUCHA CUADRADA DE 10 PG DE METAL','G','B',' AQUA BLUE','U',0.00,100.00,0.00,2,0,0,NULL,0,NULL,NULL,NULL,NULL,'G',2,6,'BI',1,0,0),(436,'CABEZA DE DUCHA CUADRADA DE 12 PG DE METAL','G','B','AQUA BLUE','U',0.00,135.00,0.00,4,0,0,NULL,0,NULL,NULL,NULL,NULL,'G',2,6,'BI',1,0,0),(437,'CABEZA DE DUCHA REDONDA DE 12 PG DE METAL','G','B','AQUA BLUE','U',0.00,150.00,0.00,1,0,0,NULL,0,NULL,NULL,NULL,NULL,'G',2,6,'BI',1,0,0),(438,'CABEZA DE DUCHA REDONDA DE 9 PG CROMADA','G','B','CHINITO','U',0.00,80.00,0.00,2,0,0,NULL,0,NULL,NULL,NULL,NULL,'G',2,6,'BI',1,0,0),(439,'REGADERA COMPLETA DE METAL REDONDA','G','B','ARTHUR','U',0.00,75.00,0.00,3,0,0,NULL,0,NULL,NULL,NULL,NULL,'G',2,6,'BI',1,0,0),(440,'REGADERA SENCILLA COMPLETA ','G','B','AQUA BLUE','U',0.00,55.00,0.00,1,0,0,NULL,0,NULL,NULL,NULL,NULL,'G',2,6,'BI',1,0,0),(441,'REGADERA COMPLETA DE METAL ','G','B','AQUA BLUE ','U',0.00,75.00,0.00,1,0,0,NULL,0,NULL,NULL,NULL,NULL,'G',2,6,'BI',1,0,0),(442,'CABEZA DE DUCHA REDONDA ','G','B','MA','U',0.00,50.00,0.00,1,0,0,NULL,0,NULL,NULL,NULL,NULL,'G',2,6,'BI',1,0,0),(443,'REGADERA REDONDA COMPLETA  4PG PLASTICA','G','B','GRIVEN ','U',0.00,65.00,0.00,2,0,0,NULL,0,NULL,NULL,NULL,NULL,'G',2,6,'BI',1,0,0),(444,'REGADERA COMPLETA CUADRADA DE METAL 2PG','G','B','AQUALINA ','U',0.00,80.00,0.00,3,0,0,NULL,0,NULL,NULL,NULL,NULL,'G',2,6,'BI',1,0,0),(445,'MESCLADORA PARA DUCHA DOBLE CROMADAS','G','B','VIKINGO','U',0.00,365.00,0.00,2,0,0,NULL,0,NULL,NULL,NULL,NULL,'G',2,6,'BI',1,0,0),(446,'MESCLADORA PARA LAVATRASTOS FLEXIBLE 2 PG LLAVE DE 8 PG','G','B','GRIVEN','U',0.00,170.00,0.00,1,0,0,NULL,0,NULL,NULL,NULL,NULL,'G',2,6,'BI',1,0,0),(447,'MESCLADORA PARA LAVATRASTOS ACRILICO 8 PG 2 LLAVES','G','B','GRIVEN','U',0.00,195.00,0.00,1,0,0,NULL,0,NULL,NULL,NULL,NULL,'G',2,6,'BI',1,0,0),(448,'MESCLADORA PARA LAVATRASTOS CROMADA DE 8 PG 2 LLAVES','G','B','EMERALD','U',0.00,150.00,0.00,2,0,0,NULL,0,NULL,NULL,NULL,NULL,'G',2,6,'BI',1,0,0),(449,'MESCLADORA PARA LAVATRASTOS CUELLO COBRA 8 PG 2 LLAVES','G','B','AQUALINA POWER TECH','U',0.00,350.00,0.00,1,0,0,NULL,0,NULL,NULL,NULL,NULL,'G',2,6,'BI',1,0,0),(450,'MESCLADORA PARA LAVATRASTOS TIPO CRUSETA 37 CM 2 LLAVES','G','B','MA','U',0.00,175.00,0.00,1,0,0,NULL,0,NULL,NULL,NULL,NULL,'G',2,6,'BI',1,0,0),(451,'MESCLADORA PARA LAVATRASTOS CUELLO FLEXIBLE DE METAL ','G','B','MA','U',0.00,140.00,0.00,1,0,0,NULL,0,NULL,NULL,NULL,NULL,'G',2,6,'BI',1,0,0),(452,'MESCLAORA PARA LAVATRASTOS 1 LLAVE CUELLO LARGO','G','B','MA','U',0.00,100.00,0.00,1,0,0,NULL,0,NULL,NULL,NULL,NULL,'G',2,6,'BI',1,0,0),(453,'MESCLADORA PARA LAVATRASTOS CUELLO LARGO 2 LLAVES','G','B','COSMOS','U',0.00,110.00,0.00,1,0,0,NULL,0,NULL,NULL,NULL,NULL,'G',2,6,'BI',1,0,0),(454,'JUEGO COMPLETO PARA LAVATRASTOS 2 LLAVES','G','B','MIBER','U',0.00,200.00,0.00,4,0,0,NULL,0,NULL,NULL,NULL,NULL,'G',2,6,'BI',1,0,0),(455,'MESCLADORA PARA LAVATRASTOS 2 PG DE 2 CHAPAS','G','B','MAX TOOL ','U',0.00,145.00,0.00,2,0,0,NULL,0,NULL,NULL,NULL,NULL,'G',2,6,'BI',1,0,0),(456,' FLOTE PARA SISTERNA 3M LARGO','G','B','CHINITO','U',0.00,105.00,0.00,2,0,0,NULL,0,NULL,NULL,NULL,NULL,'G',2,6,'BI',1,0,0),(457,'SAPITO DE HULE PARA SANITARIO','G','B','FAMA','U',0.00,12.00,0.00,14,0,0,NULL,0,NULL,NULL,NULL,NULL,'S',2,6,'BI',1,0,0),(458,'SAPITO DE HULE PARA SANITARIO','G','B','CHINITO','U',0.00,12.00,0.00,2,0,0,NULL,0,NULL,NULL,NULL,NULL,'G',6,24,'BI',1,0,0),(459,'CABEZA DE DUCHA 3 1/2 REDONDA ','G','B','MAX TOOL','U',0.00,30.00,0.00,12,0,0,NULL,0,NULL,NULL,NULL,NULL,'G',6,24,'BI',1,0,0),(460,'REGADERA COMPLETA REDONDA DE METAL 3 1/2','G','B','AQUALINA','U',0.00,80.00,0.00,1,0,0,NULL,0,NULL,NULL,NULL,NULL,'S',6,24,'BI',1,0,0),(461,'REGADERA COMPLETA REDONDA PLASTICA CROMADA','G','B','CHINITO','U',0.00,20.00,0.00,7,0,0,NULL,0,NULL,NULL,NULL,NULL,'G',6,24,'BI',1,0,0),(462,'REPUESTO PARA REGIA REDONDA DE METAL 3 1/2','G','B','AQUA','U',0.00,10.00,0.00,3,0,0,NULL,0,NULL,NULL,NULL,NULL,'S',6,24,'BI',1,0,0),(463,'BRAZO PARA DUCHA DE METAL','G','B','CHNITO','U',0.00,45.00,0.00,2,0,0,NULL,0,NULL,NULL,NULL,NULL,'G',2,5,'BI',1,0,0),(464,' CABEZA DE DUCHA REDONDA','G','B','AQUA','U',0.00,35.00,0.00,1,0,0,NULL,0,NULL,NULL,NULL,NULL,'G',2,5,'BI',1,0,0),(465,'REGADERA COMPLETA PLASTICA 6','G','B','GRIVEN','U',0.00,50.00,0.00,2,0,0,NULL,0,NULL,NULL,NULL,NULL,'S',2,5,'BI',1,0,0),(466,'REGADERA COMPLETA REDONDA PLASTICO CROMADA 4 1/2','G','B','GRIVEN','U',0.00,50.00,0.00,2,0,0,NULL,0,NULL,NULL,NULL,NULL,'S',2,5,'BI',1,0,0),(467,'CHAPETA CROMADA DE 1/2 ','G','B','CHINITA','U',0.00,3.00,0.00,1,0,0,NULL,0,NULL,NULL,NULL,NULL,'S',6,12,'BI',1,0,0),(468,'JUEGO DE CHAPETA CROMADO DE 1/2','G','B','CHINITO','U',0.00,12.00,0.00,6,0,0,NULL,0,NULL,NULL,NULL,NULL,'S',6,12,'BI',1,0,0),(469,'REGADERA REDONDA DE 8 PG PLASTICA','G','B','MA','U',0.00,135.00,0.00,3,0,0,NULL,0,NULL,NULL,NULL,NULL,'S',2,6,'BI',1,0,0),(470,'CHORRO DE 1/2 SENCILLO','G','B','GIO TOOLS','U',0.00,32.00,0.00,1,0,0,NULL,0,NULL,NULL,NULL,NULL,'S',6,12,'BI',1,0,0),(471,'CHORRO DE 1/2 BRONCE PESADO ','G','B','GIO TOOLS','U',0.00,40.00,0.00,10,0,0,NULL,0,NULL,NULL,NULL,NULL,'S',6,12,'BI',1,0,0),(472,'CHORRO 1/2 ','G','B','AQUALINA ','U',0.00,35.00,0.00,20,0,0,NULL,0,NULL,NULL,NULL,NULL,'S',2,6,'BI',1,0,0),(473,'CHORRO 1/2 CENCILLO ','G','B','ITALI ','U',0.00,30.00,0.00,21,0,0,NULL,0,NULL,NULL,NULL,NULL,'S',2,6,'BI',1,0,0),(474,'CHORRO 1/2 ','G','B','KUVAL','U',0.00,12.00,0.00,13,0,0,NULL,0,NULL,NULL,NULL,NULL,'S',2,6,'BI',1,0,0),(475,'CHORRO DE 1/2 PESADO ','G','B','ZBW','U',0.00,30.00,0.00,2,0,0,NULL,0,NULL,NULL,NULL,NULL,'S',2,6,'BI',1,0,0),(476,'CHORRO DE 1/2 CON PALANCA ','G','B','GRIBE ','U',0.00,42.00,0.00,2,0,0,NULL,0,NULL,NULL,NULL,NULL,'S',2,6,'BI',1,0,0),(477,'CHORRO DE 1/2 CON PALANCA ','G','B','GRIVEN ','U',0.00,42.00,0.00,2,0,0,NULL,0,NULL,NULL,NULL,NULL,'S',6,12,'BI',1,0,0),(478,'CHORROS DE 3/4 PESADOS ','G','B','VIKINGO','U',0.00,42.00,0.00,2,0,0,NULL,0,NULL,NULL,NULL,NULL,'S',6,12,'BI',1,0,0),(479,'CHORRO DE 3/4 PESADO ','G','B','KUVAL','U',0.00,32.00,0.00,3,0,0,NULL,0,NULL,NULL,NULL,NULL,'S',6,12,'BI',1,0,0),(480,'CHORROS DE 1/2 CROMADO','G','B','CHINITO ','U',0.00,32.00,0.00,10,0,0,NULL,0,NULL,NULL,NULL,NULL,'S',6,12,'BI',1,0,0),(481,'CHORROS DE 1/2 PASTICOS ROJOS ','G','B','CHINITO','U',0.00,12.00,0.00,20,0,0,NULL,0,NULL,NULL,NULL,NULL,'S',6,12,'BI',1,0,0),(482,'CHORROS DE 3/4 PLASTICOS ','G','B','GRIFER ','U',0.00,15.00,0.00,7,0,0,NULL,0,NULL,NULL,NULL,NULL,'S',6,12,'BI',1,0,0),(483,'REPOSADERA PLASTICA REDONDA DE 2PG','G','B','FAMA','U',0.00,15.00,0.00,6,0,0,NULL,0,NULL,NULL,NULL,NULL,'S',3,12,'BI',1,0,0),(484,'REPOSADERA PLASTICA REDONDA 2PG','G','B','BOXER TOOLS','U',0.00,15.00,0.00,2,0,0,NULL,0,NULL,NULL,NULL,NULL,'S',3,12,'BI',1,0,0),(485,'REPOSADERA DE METAL DE PUSH INOXIDABLE 4X4','G','B','GRIVEN','U',0.00,36.00,0.00,2,0,0,NULL,0,NULL,NULL,NULL,NULL,'S',3,12,'BI',1,0,0),(486,'REPOSADERA DE METAL DE PUSH 4X4','G','B','BEE VALUE ','U',0.00,35.00,0.00,1,0,0,NULL,0,NULL,NULL,NULL,NULL,'S',3,12,'BI',1,0,0),(487,'PALANCA PARA TANQUE DE SANITARIO PLATICO ','G','B','FAMA','U',0.00,8.00,0.00,5,0,0,NULL,0,NULL,NULL,NULL,NULL,'S',3,12,'BI',1,0,0),(488,'LLAVE PARA LAVA MANOS ACRILICA ','G','B','KUVAL','U',0.00,32.00,0.00,6,0,0,NULL,0,NULL,NULL,NULL,NULL,'S',3,12,'BI',1,0,0),(489,'LLAVE PARA LAVA MANOS ACRILICO ','G','B','GIO','U',0.00,30.00,0.00,4,0,0,NULL,0,NULL,NULL,NULL,NULL,'S',3,12,'BI',1,0,0),(490,'LLAVE PARA DUCHA DE 1/2 VUELTA CROMADA','G','B','AQUINA','U',0.00,120.00,0.00,3,0,0,NULL,0,NULL,NULL,NULL,NULL,'S',3,12,'BI',1,0,0),(491,'LLAVE PARA DUCHA TIPO ELICE CROMADA ','G','B','AQUINA ','U',0.00,125.00,0.00,6,0,0,NULL,0,NULL,NULL,NULL,NULL,'S',3,12,'BI',1,0,0),(492,' LLAVE PARA DUCHA TIPO ELICE CROMADA','G','B','MA','U',0.00,88.00,0.00,2,0,0,NULL,0,NULL,NULL,NULL,NULL,'S',3,12,'BI',1,0,0),(493,'LLAVE PARA DUCHA CROMADA CUELLO LARGO ','G','B','TROYA TOOLS','U',0.00,100.00,0.00,2,0,0,NULL,0,NULL,NULL,NULL,NULL,'S',3,12,'BI',1,0,0),(494,'LLAVE PARA DUCHA ACRILICO CUELLO LARGO ','G','B','ZVW','U',0.00,100.00,0.00,3,0,0,NULL,0,NULL,NULL,NULL,NULL,'S',3,12,'BI',1,0,0),(495,'LLAVE PARA DUCHA CROMADA ','G','B','AQUINA','U',0.00,125.00,0.00,3,0,0,NULL,0,NULL,NULL,NULL,NULL,'S',3,12,'BI',1,0,0),(496,'LLAVE PARA DUCHA ACRILICO CUELLO LARGO ','G','B','KUVAL','U',0.00,125.00,0.00,3,0,0,NULL,0,NULL,NULL,NULL,NULL,'S',3,12,'BI',1,0,0),(497,'LLAVE PARA LAVA MANOS ACRILICO TIPO MEZCLADORA','G','B','CHINITO','U',0.00,80.00,0.00,2,0,0,NULL,0,NULL,NULL,NULL,NULL,'S',3,12,'BI',1,0,0),(498,'LLAVE PARA LAVA MANOS ACRILICO ','G','B','SUVAL ','U',0.00,36.00,0.00,4,0,0,NULL,0,NULL,NULL,NULL,NULL,'S',3,12,'BI',1,0,0),(499,'LLAVE PARA LAVA MANOS ACRILICOS ','G','B','AZTECA','U',0.00,28.00,0.00,5,0,0,NULL,0,NULL,NULL,NULL,NULL,'S',3,12,'BI',1,0,0),(500,'LLAVE PARA LAVA MANOS ACRILICO ','G','B','CHINITO','U',0.00,25.00,0.00,1,0,0,NULL,0,NULL,NULL,NULL,NULL,'S',3,12,'BI',1,0,0),(501,'LLAVE PARA LAVA MANOS PLASTICA CROMADA TIPO MESCLADORA ','G','B','CHINITO','U',0.00,55.00,0.00,1,0,0,NULL,0,NULL,NULL,NULL,NULL,'S',3,12,'BI',1,0,0),(502,'LLAVE PARA LAVA MANOS ACRILICA TIPO MEZCLADORA','G','B','BOXER','U',0.00,65.00,0.00,1,0,0,NULL,0,NULL,NULL,NULL,NULL,'S',3,12,'BI',1,0,0),(503,'LLAVE PARA LAVA MANOS CROMADO DE PALANCA','G','B','CHINITO','U',0.00,45.00,0.00,1,0,0,NULL,0,NULL,NULL,NULL,NULL,'S',3,12,'BI',1,0,0),(504,'LLAVE PARA LAVA MANOS CROMADA PLASTICA ','G','B','GIO','U',0.00,30.00,0.00,10,0,0,NULL,0,NULL,NULL,NULL,NULL,'S',5,12,'BI',1,0,0),(505,'LLAVE PARA LAVA MANOS METAL CROMADA','G','B','CHINITO','U',0.00,55.00,0.00,4,0,0,NULL,0,NULL,NULL,NULL,NULL,'S',5,12,'BI',1,0,0),(506,'LLAVE PARA LAVA MANOS METAL CROMADA PESADA','G','B','CHINITO','U',0.00,105.00,0.00,1,0,0,NULL,0,NULL,NULL,NULL,NULL,'S',5,12,'BI',1,0,0),(507,'LLAVE PARA LAVA MANOS  METAL CROMADA TIPO ELICE','G','B','CHINITO','U',0.00,75.00,0.00,2,0,0,NULL,0,NULL,NULL,NULL,NULL,'S',5,12,'BI',1,0,0),(508,'LLAVE PARA LAVA MANOS PLATICA CROMADA DE PALANCA','G','B','MA','U',0.00,45.00,0.00,2,0,0,NULL,0,NULL,NULL,NULL,NULL,'S',5,12,'BI',1,0,0),(509,'LLAVE PARA LAVA MANOS METAL CROMADA DE PUSH','G','B','MA','U',0.00,145.00,0.00,2,0,0,NULL,0,NULL,NULL,NULL,NULL,'S',5,12,'BI',1,0,0),(510,'LLAVE PARA LAVA MANOS CROMADA DE PALANCA ','G','B','MA','U',0.00,85.00,0.00,3,0,0,NULL,0,NULL,NULL,NULL,NULL,'S',5,12,'BI',1,0,0),(511,'LLAVE PARA LAVA MANOS CROMADA ESTILO ROMA ','G','B','MA','U',0.00,80.00,0.00,2,0,0,NULL,0,NULL,NULL,NULL,NULL,'S',5,12,'BI',1,0,0),(512,'LLAVE PARA LAVA MANOS CROMADA ESTILO VIENA','G','B','MA','U',0.00,90.00,0.00,2,0,0,NULL,0,NULL,NULL,NULL,NULL,'S',5,12,'BI',1,0,0),(513,'LLAVE PARA LAVA MANOS DOBLE','G','B','CHINITO','U',0.00,57.00,0.00,1,0,0,NULL,0,NULL,NULL,NULL,NULL,'S',5,10,'BI',1,0,0),(514,'LLAVE PARA LAVA MANOS CROMADA','G','B','MAXTOOLS','U',0.00,95.00,0.00,2,0,0,NULL,0,NULL,NULL,NULL,NULL,'S',5,10,'BI',1,0,0),(515,'LLAVE PARA LAVA MANOS 6 PG ACERO CON MANGUERA 1/4 A 1/2','G','B','BOXER TOOLS','U',0.00,165.00,0.00,1,0,0,NULL,0,NULL,NULL,NULL,NULL,'S',3,6,'BI',1,0,0),(516,'LLAVE PARA LAVA MANOS DOBLE CROMADA','G','B','M A','U',0.00,75.00,0.00,1,0,0,NULL,0,NULL,NULL,NULL,NULL,'S',5,10,'BI',1,0,0),(517,'LLAVE PARA LAVA MANOS CROMADA  TIPO MEZCLADORA','G','B','MIBER','U',0.00,190.00,0.00,2,0,0,NULL,0,NULL,NULL,NULL,NULL,'S',5,12,'BI',1,0,0),(518,'LLAVE PARA LAVA MANOS CROMADA PLASTICA  TIPO ELICE','G','B','BRICKELL','U',0.00,45.00,0.00,6,0,0,NULL,0,NULL,NULL,NULL,NULL,'S',5,12,'BI',1,0,0),(519,'LLAVE PARA LAVA MANOS CROMADA PLASTICA CUELLO DE CISNE','G','B','BLUE DREAMS','U',0.00,80.00,0.00,4,0,0,NULL,0,NULL,NULL,NULL,NULL,'S',5,12,'BI',1,0,0),(520,'LLAVE PARA LAVA MANOS CROMADA PLASTICA CUELLO DE CISNE PALANCA','G','B','BLUE DREAMS','U',0.00,80.00,0.00,5,0,0,NULL,0,NULL,NULL,NULL,NULL,'S',5,12,'BI',1,0,0),(521,'LLAVE PARA LAVA MANOS CROMADA DE METAL TIPO ELICE ','G','B','AQUALINA ','U',0.00,115.00,0.00,3,0,0,NULL,0,NULL,NULL,NULL,NULL,'S',5,12,'BI',1,0,0),(522,'LLAVE PARA LAVA MANOS ACRILICO TIPO MEZCLADORA ','G','B','EMERALD','U',0.00,55.00,0.00,3,0,0,NULL,0,NULL,NULL,NULL,NULL,'S',3,12,'BI',1,0,0),(523,'LLAVE PARA LAVA MANOS CROMADA 4PG TIPO MEZCLADORA ','G','B','BLUE DREAMS','U',0.00,230.00,0.00,3,0,0,NULL,0,NULL,NULL,NULL,NULL,'S',3,12,'BI',1,0,0),(524,'LLAVE PARA LAVA MANOS 4PG ACRILICO TIPO MEZCLADORA','G','B','BLUE DREAMS','U',0.00,95.00,0.00,1,0,0,NULL,0,NULL,NULL,NULL,NULL,'S',3,12,'BI',1,0,0),(525,'LLAVE PARA LAVA MANOS ACRILICO TIPO MEZCLADORA ','G','B','JAVI','U',0.00,50.00,0.00,1,0,0,NULL,0,NULL,NULL,NULL,NULL,'S',3,12,'BI',1,0,0),(526,'LLAVE PARA LAVA MANOS CROMADA TIPO MEZCLADORA','G','B','MA','U',0.00,75.00,0.00,3,0,0,NULL,0,NULL,NULL,NULL,NULL,'S',3,12,'BI',1,0,0),(527,'LLAVE PARA LAVA MANOS PLASTICA TIPO MEZCLADORA ','G','B','TOOLCRAFT','U',0.00,150.00,0.00,1,0,0,NULL,0,NULL,NULL,NULL,NULL,'S',3,12,'BI',1,0,0),(528,'LLAVE PARA DUCHA CROMADA ','G','B','CHINITO','U',0.00,100.00,0.00,1,0,0,NULL,0,NULL,NULL,NULL,NULL,'S',3,12,'BI',1,0,0),(529,'LLAVE PARA DUCHA ACRILICA ','G','B','CHINITO','U',0.00,100.00,0.00,1,0,0,NULL,0,NULL,NULL,NULL,NULL,'S',3,12,'BI',1,0,0),(530,'LLAVE PARA DUCHA CROMADA CUELLO LARGO ','G','B','JAVI','U',0.00,100.00,0.00,6,0,0,NULL,0,NULL,NULL,NULL,NULL,'S',3,12,'BI',1,0,0),(531,'LLAVE PARA DUCHA  ACRILICA CUELLO LARGO ','G','B','JAVI','U',0.00,100.00,0.00,1,0,0,NULL,0,NULL,NULL,NULL,NULL,'S',3,12,'BI',1,0,0),(532,'LLAVE PARA DUCHA CROMADA CUELLO CORTO 1/2','G','B','JAVI','U',0.00,90.00,0.00,2,0,0,NULL,0,NULL,NULL,NULL,NULL,'S',3,12,'BI',1,0,0),(533,'LLAVE PARA DUCHA CROMADA DE 1/2 ','G','B','GRIVEN ','U',0.00,105.00,0.00,1,0,0,NULL,0,NULL,NULL,NULL,NULL,'S',3,12,'BI',1,0,0),(534,'LLAVE PARA DUCHA ACRILICO AMARILLO','G','B','DICA','U',0.00,125.00,0.00,4,0,0,NULL,0,NULL,NULL,NULL,NULL,'S',3,12,'BI',1,0,0),(535,'LLAVE PARA DUCHA ACRILICO NEGRO','G','B','DICA','U',0.00,125.00,0.00,3,0,0,NULL,0,NULL,NULL,NULL,NULL,'S',3,12,'BI',1,0,0),(536,'LLAVE PARA DUCHA ACRILICO TRANSPARENTE','G','B','DICA','U',0.00,125.00,0.00,4,0,0,NULL,0,NULL,NULL,NULL,NULL,'S',3,12,'BI',1,0,0),(537,'LLAVE PARA DUCHA  ACRILICO CUELLO LARGO','G','B','USA-K','U',0.00,120.00,0.00,4,0,0,NULL,0,NULL,NULL,NULL,NULL,'S',3,12,'BI',1,0,0),(538,'LLAVE PARA DUCHA CROMADA CUELLO MEDIANO','G','B','AQUA','U',0.00,75.00,0.00,0,0,0,NULL,0,NULL,NULL,NULL,NULL,'S',3,12,'BI',1,0,0),(539,'JUEGO DE REPUESTO PARA LLAVE DE DUCHA CROMADA','G','B','CHINITO','U',0.00,50.00,0.00,1,0,0,NULL,0,NULL,NULL,NULL,NULL,'S',3,12,'BI',1,0,0),(540,'MEZCLADORA PARA REGADERA DE CHAPETA GRANDE ','G','B','BOXER TOOLS','U',0.00,170.00,0.00,4,0,0,NULL,0,NULL,NULL,NULL,NULL,'S',3,12,'BI',1,0,0),(541,'EXTENCION PLASTICA PARA LAVA TRASTOS 11/2 X 10PG','G','B','KUVAL','U',0.00,18.00,0.00,1,0,0,NULL,0,NULL,NULL,NULL,NULL,'S',3,12,'BI',1,0,0),(542,'EXTENCION PLASTICA PARA LAVA TRASTOS 11/2 X 6PG','G','B','CHINITO','U',0.00,10.00,0.00,10,0,0,NULL,0,NULL,NULL,NULL,NULL,'S',3,12,'BI',1,0,0),(543,'EXTENCION PLASTICA PARA LAVA TRASTOS 11/4 X 8PG','G','B','CHINITO','U',0.00,18.00,0.00,1,0,0,NULL,0,NULL,NULL,NULL,NULL,'S',3,12,'BI',1,0,0),(544,'EXTENCION PLASTICA PARA LAVA TRASTOS 11/4 X 8PG','G','B','COFLEX','U',0.00,8.00,0.00,5,0,0,NULL,0,NULL,NULL,NULL,NULL,'S',3,12,'BI',1,0,0),(545,'EXTENCION PLASTICA PARA LAVA TRASTOS 11/4 X 6PG','G','B','CHINITO','U',0.00,8.00,0.00,1,0,0,NULL,0,NULL,NULL,NULL,NULL,'S',3,12,'BI',1,0,0),(546,'PAPELERO TIPO PLATO DE METAL ','G','B','CHINITO','U',0.00,80.00,0.00,2,0,0,NULL,0,NULL,NULL,NULL,NULL,'S',3,12,'BI',1,0,0),(547,'BRAZO PARA DUCHA DE METAL CROMADA ','G','B','CHINITO','U',0.00,12.00,0.00,15,0,0,NULL,0,NULL,NULL,NULL,NULL,'S',3,12,'BI',1,0,0),(548,'MANILLETAS Y ROCETAS PARA LLAVE DE DUCHA ','G','B','BLUE DREAMS','U',0.00,45.00,0.00,9,0,0,NULL,0,NULL,NULL,NULL,NULL,'S',3,12,'BI',1,0,0),(549,'CABEZA PARA DUCHA CUADRADA CROMADA DE METAL DE 6PG','G','B','DAMASCHKE','U',0.00,60.00,0.00,1,0,0,NULL,0,NULL,NULL,NULL,NULL,'S',3,12,'BI',1,0,0),(550,'REPOSADERA PLASTICA CUADRADA  4PG','G','B','FAMA','U',0.00,18.00,0.00,4,0,0,NULL,0,NULL,NULL,NULL,NULL,'S',3,6,'BI',1,0,0),(551,'REPOSADERA PLASTICA GRIS DE 4X4 ','G','B','CHINITO','U',0.00,18.00,0.00,3,0,0,NULL,0,NULL,NULL,NULL,NULL,'S',3,6,'BI',1,0,0),(552,'REPOSADERA PLASTICA REDONDA DE 2PG','G','B','CHINITO','U',0.00,12.00,0.00,9,0,0,NULL,0,NULL,NULL,NULL,NULL,'S',3,12,'BI',1,0,0),(553,'REPOSADERA PLASTICA CUADRADA 2PG ','G','B','AQUA BLUE','U',0.00,12.00,0.00,12,0,0,NULL,0,NULL,NULL,NULL,NULL,'S',3,12,'BI',1,0,0),(554,'REPOSADERA DE ALUMINIO DE 4PG','G','B','CHINITO','U',0.00,25.00,0.00,0,0,0,NULL,0,NULL,NULL,NULL,NULL,'S',3,12,'BI',1,0,0),(555,'REPOSADERA DE ALUMINIO DE 5PG','G','B','CHINITO','U',0.00,30.00,0.00,4,0,0,NULL,0,NULL,NULL,NULL,NULL,'S',3,12,'BI',1,0,0),(556,'REPOSADERA DE ALUMINIO DE 2PG','G','B','CHINITO','U',0.00,20.00,0.00,3,0,0,NULL,0,NULL,NULL,NULL,NULL,'S',3,12,'BI',1,0,0),(557,'REPOSADERA DE ALUMINIODE 6PG','G','B','CHINITO','U',0.00,65.00,0.00,3,0,0,NULL,0,NULL,NULL,NULL,NULL,'S',6,10,'BI',1,0,0),(558,'CAPUCHON PARA LLAVE DE DUCHA DE METAL CROMADA ','G','B','CHINITO','U',0.00,15.00,0.00,5,0,0,NULL,0,NULL,NULL,NULL,NULL,'S',3,12,'BI',1,0,0),(559,'CAPUCHON PARA LLAVE DE DUCHA DE METAL CROMADA ','G','B','CHINITO','U',0.00,10.00,0.00,7,0,0,NULL,0,NULL,NULL,NULL,NULL,'S',3,12,'BI',1,0,0),(560,'CAPUCHON PARA LLAVE DE DUCHA  ACRILICA PESADO ','G','B','CHINITO','U',0.00,42.00,0.00,3,0,0,NULL,0,NULL,NULL,NULL,NULL,'S',3,12,'BI',1,0,0),(561,'CAPUCHON PARA LLAVE DE DUCHA ACRILICO SENCILLO','G','B','CHINITO','U',0.00,13.00,0.00,1,0,0,NULL,0,NULL,NULL,NULL,NULL,'S',3,12,'BI',1,0,0),(562,'CHAPETA PARA LLAVE DE DUCHA DE METAL CROMADO LARGA','G','B','CHINITO','U',0.00,12.00,0.00,7,0,0,NULL,0,NULL,NULL,NULL,NULL,'S',3,12,'BI',1,0,0),(563,'CHAPETA PARA LLAVE DE DUCHA DE METAL CROMADO CORTA ','G','B','CHINITO','U',0.00,10.00,0.00,3,0,0,NULL,0,NULL,NULL,NULL,NULL,'S',3,12,'BI',1,0,0),(564,'CANASTA PARA LAVA TRASTOS CON DESCARGA DE METAL ','G','B','MA','U',0.00,45.00,0.00,3,0,0,NULL,0,NULL,NULL,NULL,NULL,'S',3,12,'BI',1,0,0),(565,'CANASTA PARA LAVA TRASTOS CON DESCARGA PLASTICA','G','B','MA','U',0.00,30.00,0.00,1,0,0,NULL,0,NULL,NULL,NULL,NULL,'S',3,12,'BI',1,0,0),(566,'CANASTA PARA LAVA TRASTOS CON DESCARGA  PLASTICA','G','B','GIO TOOLS','U',0.00,25.00,0.00,2,0,0,NULL,0,NULL,NULL,NULL,NULL,'S',3,12,'BI',1,0,0),(567,'CANASTA PARA LAVA TRASTOS CON DESCARGA PLASTICA','G','B','CHINITO','U',0.00,25.00,0.00,5,0,0,NULL,0,NULL,NULL,NULL,NULL,'S',3,12,'BI',1,0,0),(568,'SOPORTE PARA LAVA MANOS ','G','B','CHINITO','U',0.00,12.00,0.00,13,0,0,NULL,0,NULL,NULL,NULL,NULL,'S',3,12,'BI',1,0,0),(569,'SOPORTE PARA LAVA MANOS ','G','B','FAMA','U',0.00,12.00,0.00,1,0,0,NULL,0,NULL,NULL,NULL,NULL,'S',3,12,'BI',1,0,0),(570,'SOPORTE PARA LAVA MANOS ','G','B','COFLEX','U',0.00,15.00,0.00,14,0,0,NULL,0,NULL,NULL,NULL,NULL,'S',3,12,'BI',1,0,0),(571,'TORNILLO PARA TOQUE DE SANITARIO PLASTICO DE 3/8 X 2 1/2','G','B','CHINITO','U',0.00,8.00,0.00,16,0,0,NULL,0,NULL,NULL,NULL,NULL,'S',3,20,'BI',1,0,0),(572,'TORNILLO PARA LAVA MANOS DE METAL ','G','B','CHINITO','U',0.00,8.00,0.00,12,0,0,NULL,0,NULL,NULL,NULL,NULL,'S',3,20,'BI',1,0,0),(573,'REGADERA PLASTICA CROMADA SENCILLA COMPLETA','G','B','GIO TOOLS ','U',0.00,18.00,0.00,2,0,0,NULL,0,NULL,NULL,NULL,NULL,'S',3,12,'BI',1,0,0),(574,'EMPAGUE DE HULE PARA TANQUE DE BAÑO','G','B','CHINITO','U',0.00,10.00,0.00,6,0,0,NULL,0,NULL,NULL,NULL,NULL,'S',6,12,'BI',1,0,0),(575,'TOALLERO DE METAL ','G','B','CHINITO','U',0.00,45.00,0.00,1,0,0,NULL,0,NULL,NULL,NULL,NULL,'S',3,6,'BI',1,0,0),(576,'SIFON UNIVERSAL PARA LAVADO PLASTICO','G','B','FAMA','U',0.00,33.00,0.00,1,0,0,NULL,0,NULL,NULL,NULL,NULL,'S',3,8,'BI',1,0,0),(577,'SIFON DOBLE TIPO CACHO ','G','B','FAMA','U',0.00,32.00,0.00,1,0,0,NULL,0,NULL,NULL,NULL,NULL,'S',3,8,'BI',1,0,0),(578,'SIFON CROMADO PLASTICO PARA LAVAMANOS','G','B','CHINITO','U',0.00,25.00,0.00,7,0,0,NULL,0,NULL,NULL,NULL,NULL,'S',3,8,'BI',1,0,0),(579,'SIFON PARA LAVAMANOS ACORDIN PLASTICO','G','B','AQUA BLUE','U',0.00,20.00,0.00,3,0,0,NULL,0,NULL,NULL,NULL,NULL,'S',3,8,'BI',1,0,0),(580,'SIFON UNIVERSAL DE 1.1/2 POR 1.1 1/4','G','B','VIKINGO','U',0.00,17.00,0.00,4,0,0,NULL,0,NULL,NULL,NULL,NULL,'S',3,8,'BI',1,0,0),(581,'SIFON TRAMPA PARA LAVADO ','G','B','COFLEX','U',0.00,25.00,0.00,5,0,0,NULL,0,NULL,NULL,NULL,NULL,'S',3,8,'BI',1,0,0),(582,'SIFON CESPOL DE 1.1-2 CON ADAPTADOR PARA FREGADERO','G','B','MIBER','U',0.00,30.00,0.00,1,0,0,NULL,0,NULL,NULL,NULL,NULL,'S',3,8,'BI',1,0,0),(583,'SIFON CON REGISTRO PARA LAVADO ','G','B','COFLEX','U',0.00,30.00,0.00,1,0,0,NULL,0,NULL,NULL,NULL,NULL,'S',3,8,'BI',1,0,0),(584,'SIFON CROMADO PARA LAVATRASTOS DE 1 1/4','G','B','CHINITO','U',0.00,30.00,0.00,2,0,0,NULL,0,NULL,NULL,NULL,NULL,'S',3,8,'BI',1,0,0),(585,'SIFON FLEXIBLE 1 1/4 TIPO Y','G','B','MA','U',0.00,28.00,0.00,2,0,0,NULL,0,NULL,NULL,NULL,NULL,'S',3,8,'BI',1,0,0),(586,'SIFON FLEXIBLE CON DRENAJE CROMADO','G','B','CHINITO','U',0.00,20.00,0.00,1,0,0,NULL,0,NULL,NULL,NULL,NULL,'S',3,8,'BI',1,0,0),(587,'PARALELO SUPER  CABLE # 10','E','B','CABLE','MT',0.00,12.00,0.00,95,0,0,NULL,0,NULL,NULL,NULL,NULL,'S',1,100,'BI',1,0,0),(588,'PARALELO SUPER  CABLE # 10','E','B','CABLE','MT',0.00,12.00,0.00,97,0,0,NULL,0,NULL,NULL,NULL,NULL,'S',1,100,'BI',1,0,0),(589,'PARALELO SUPER  CABLE # 10','E','B','CABLE ','MT',0.00,12.00,0.00,68,0,0,NULL,0,NULL,NULL,NULL,NULL,'S',1,100,'BI',1,0,0),(590,'PARALELO SUPER  CABLE # 14','E','B','CABLE ','MT',0.00,6.50,0.00,94,0,0,NULL,0,NULL,NULL,NULL,NULL,'S',1,100,'BI',1,0,0),(591,'PARALELO SUPER  CABLE # 10','E','B','CABLE','MT',0.00,12.00,0.00,45,0,0,NULL,0,NULL,NULL,NULL,NULL,'S',1,100,'BI',1,0,0),(592,'PARALELO SUPER  CABLE # 14','E','B','CABLE ','MT',0.00,6.50,0.00,5,0,0,NULL,0,NULL,NULL,NULL,NULL,'S',1,100,'BI',1,0,0),(593,'PARALELO SUPER  CABLE # 10','E','B','CABLE','MT',0.00,12.00,0.00,93,0,0,NULL,0,NULL,NULL,NULL,NULL,'S',1,100,'BI',1,0,0),(594,'PARALELO SUPER  CABLE # 14','E','B','CABLE','MT',0.00,6.50,0.00,23,0,0,NULL,0,NULL,NULL,NULL,NULL,'S',1,100,'BI',1,0,0),(595,'PARALELO SUPER  CABLE # 14','E','B','CABLE ','MT',0.00,6.50,0.00,5,0,0,NULL,0,NULL,NULL,NULL,NULL,'S',1,100,'BI',1,0,0),(596,'PARALELO SUPER  CABLE # 14','E','B','CABLE','MT',0.00,6.50,0.00,2,0,0,NULL,0,NULL,NULL,NULL,NULL,'S',1,100,'BI',1,0,0),(597,'PARALELO SUPER  CABLE # 12','E','B','CABLE','MT',0.00,8.20,0.00,2,0,0,NULL,0,NULL,NULL,NULL,NULL,'S',1,100,'BI',1,0,0),(598,'CABLE DE COBRE # 4','E','B','CABLE','MT',0.00,29.00,0.00,3,0,0,NULL,0,NULL,NULL,NULL,NULL,'S',1,100,'BI',1,0,0),(599,'PARALELO SUPER  CABLE #14','E','B','CABLE ','MT',0.00,6.50,0.00,2,0,0,NULL,0,NULL,NULL,NULL,NULL,'S',1,100,'BI',1,0,0),(600,'PARALELO SUPER  CABLE # 12','E','B','CABLE','MT',0.00,8.20,0.00,4,0,0,NULL,0,NULL,NULL,NULL,NULL,'S',1,100,'BI',1,0,0),(601,'PARALELO SUPER  CABLE #12 ','E','B','CABLE','MT',0.00,8.20,0.00,2,0,0,NULL,0,NULL,NULL,NULL,NULL,'S',1,100,'BI',1,0,0),(602,'PARALELO SUPER  CABLE #10','E','B','CABLE','MT',0.00,12.00,0.00,80,0,0,NULL,0,NULL,NULL,NULL,NULL,'S',1,100,'BI',1,0,0),(603,'PARALELO SUPER  CABLE #14','E','B','CABLE','MT',0.00,6.50,0.00,12,0,0,NULL,0,NULL,NULL,NULL,NULL,'S',1,100,'BI',1,0,0),(604,'PARALELO SUPER  CABLE #14','E','B','CABLE','MT',0.00,6.50,0.00,21,0,0,NULL,0,NULL,NULL,NULL,NULL,'S',1,100,'BI',1,0,0),(605,'PARALELO SUPER  CABLE #12','E','B','CABLE','MT',0.00,8.20,0.00,42,0,0,NULL,0,NULL,NULL,NULL,NULL,'S',1,100,'BI',1,0,0),(606,' CABLE DE COBRE #6 COLOR ROJO ','E','B','CABLE','MT',0.00,12.00,0.00,21,0,0,NULL,0,NULL,NULL,NULL,NULL,'S',1,100,'BI',1,0,0),(607,'LLAVE PARA DUCHA METAL CROMADA DE 4 GRADAS','G','B','CHINITO','U',0.00,120.00,0.00,2,0,0,NULL,0,NULL,NULL,NULL,NULL,'S',3,12,'BI',1,0,0),(608,'LLAVE PARA DUCHA DE METAL CROMADA DE 3 GRADAS','G','B','CHINITO','U',0.00,120.00,0.00,1,0,0,NULL,0,NULL,NULL,NULL,NULL,'S',3,12,'BI',1,0,0),(609,'LLAVE PARA DUCHA  ACRILICA SENCILLA','G','B','CHINITO','U',0.00,45.00,0.00,4,0,0,NULL,0,NULL,NULL,NULL,NULL,'S',3,12,'BI',1,0,0),(610,'LLAVE PARA DUCHA CROMADA 1/2 PG','G','B','USA-K','U',0.00,120.00,0.00,3,0,0,NULL,0,NULL,NULL,NULL,NULL,'S',3,12,'BI',1,0,0),(611,'LLAVE PARA DUCHA CROMADA PARA AGUA  CALIENTE ','G','B','CHINITO','U',0.00,75.00,0.00,1,0,0,NULL,0,NULL,NULL,NULL,NULL,'S',3,12,'BI',1,0,0),(612,'LLAVE PARA LAVAMANO  PLASTICA BLANCA ','G','B','CHINITO','U',0.00,20.00,0.00,2,0,0,NULL,0,NULL,NULL,NULL,NULL,'S',3,12,'BI',1,0,0),(613,'LLAVE PARA LAVAMANOS DE MAKALU DE PALANCA','G','B','MA','U',0.00,90.00,0.00,1,0,0,NULL,0,NULL,NULL,NULL,NULL,'S',3,12,'BI',1,0,0),(614,'LLAVE PARA LAVATRASTOS ACRILICO SENCILLO ','G','B','VIKINGO','U',0.00,65.00,0.00,1,0,0,NULL,0,NULL,NULL,NULL,NULL,'S',3,12,'BI',1,0,0),(615,'LLAVE PARA LAVATRASTOS CROMADA SENCILLA PLASTICA','G','B','CHINITO','U',0.00,65.00,0.00,1,0,0,NULL,0,NULL,NULL,NULL,NULL,'S',3,12,'BI',1,0,0),(616,'KIT COMPLETO PARA TANQUE DE SANITARIO ','G','B','COFLEX','U',0.00,50.00,0.00,5,0,0,NULL,0,NULL,NULL,NULL,NULL,'S',3,12,'BI',1,0,0),(617,'KIT COMPLETO PARA TANQUE DE SANITARIO DE PUSH','G','B','AQUA BLUE ','U',0.00,60.00,0.00,2,0,0,NULL,0,NULL,NULL,NULL,NULL,'S',3,12,'BI',1,0,0),(618,'KIT COMPLETO PARA TANQUE DE SANITARIO DE PUSH','G','B','CHINITO','U',0.00,155.00,0.00,2,0,0,NULL,0,NULL,NULL,NULL,NULL,'S',3,12,'BI',1,0,0),(619,'TORNILLO PLASTICO PARA TANQUE DE SANITARIO TIPO BANDERA','G','B','CHINITO','U',0.00,12.00,0.00,4,0,0,NULL,0,NULL,NULL,NULL,NULL,'S',3,12,'BI',1,0,0),(620,'MANGUERA FLEXIBLE PARA LAVADORA DE 1.50X25MM','G','B','AQUA BLUE','U',0.00,38.00,0.00,3,0,0,NULL,0,NULL,NULL,NULL,NULL,'S',3,12,'BI',1,0,0),(621,'CABEZA PARA DUCHA TIPO FLOR DE METAL CROMADA 3 1/2','G','B','CHINITO','U',0.00,45.00,0.00,1,0,0,NULL,0,NULL,NULL,NULL,NULL,'S',3,12,'BI',1,0,0),(622,'CHAPETA CROMADA D 3/8','G','B','CHINITO','U',0.00,8.00,0.00,9,0,0,NULL,0,NULL,NULL,NULL,NULL,'S',3,12,'BI',1,0,0),(623,'CAPUCHON PARA LLAVE DE DUCHA ACRILICO SENCILLO','G','B','CHINITO','U',0.00,15.00,0.00,1,0,0,NULL,0,NULL,NULL,NULL,NULL,'S',3,12,'BI',1,0,0),(624,'CANASTA PARA LAVATRASTOS DE METAL','G','B','TATOOLS ','U',0.00,35.00,0.00,1,0,0,NULL,0,NULL,NULL,NULL,NULL,'S',3,12,'BI',1,0,0),(625,'REPOSADERA DE ALUMINIO DE 5X5 ','G','B','CHINITO','U',0.00,55.00,0.00,5,0,0,NULL,0,NULL,NULL,NULL,NULL,'S',3,12,'BI',1,0,0),(626,'MEZCLADORA PARA LAVATRASTOS CRMADA PLASTICA ','G','B','CHINITO','U',0.00,55.00,0.00,1,0,0,NULL,0,NULL,NULL,NULL,NULL,'S',3,12,'BI',1,0,0),(627,'INTERRUPTOR AUTOMATICO PARA BOMBA ','E','B','CHINITO','U',0.00,50.00,0.00,10,0,0,NULL,0,NULL,NULL,NULL,NULL,'S',3,12,'BI',1,0,0),(628,'TEE DE BRONCE PARA BOMBA  AUTOMATICA ','E','B','USU','U',0.00,60.00,0.00,4,0,0,NULL,0,NULL,NULL,NULL,NULL,'S',3,12,'BI',1,0,0),(629,'MANOMETRO PARA BOMBA  AUTOMATICA  DE 100 PSI','E','B','CHINITO','U',0.00,35.00,0.00,12,0,0,NULL,0,NULL,NULL,NULL,NULL,'S',3,12,'BI',1,0,0),(630,'TEE DE BRONCE PARA BOMBA  AUTOMATICA  ','E','B','CHINITO','U',0.00,65.00,0.00,8,0,0,NULL,0,NULL,NULL,NULL,NULL,'S',3,12,'BI',1,0,0),(631,'CONTRA LLAVE A LA PARED DE 1/2X3/8','G','B','GIOTOOLS','U',0.00,25.00,0.00,2,0,0,NULL,0,NULL,NULL,NULL,NULL,'S',3,12,'BI',1,0,0),(632,'CONTRA LLAVE A LA PARED DE 1/2X1/2','G','B','CHINITO','U',0.00,20.00,0.00,4,0,0,NULL,0,NULL,NULL,NULL,NULL,'S',3,12,'BI',1,0,0),(633,'ESPIGA  2.20','E','B','MA','U',0.00,22.00,0.00,9,0,0,NULL,0,NULL,NULL,NULL,NULL,'S',3,12,'BI',1,0,0),(634,'CINTA ELECTRICA PEQUEÑA NEGRA ','E','B','TEMFLEX 3M','U',0.00,10.00,0.00,26,0,0,NULL,0,NULL,NULL,NULL,NULL,'S',10,50,'BI',1,0,0),(635,'CINTA ELECTRICA MEDIANA NEGRA ','E','B','TEMFLEX 3M','U',0.00,15.00,0.00,13,0,0,NULL,0,NULL,NULL,NULL,NULL,'S',10,50,'BI',1,0,0),(636,'CINTA ELECTRICA MEDIANA VERDE ','E','B','HUNTER','U',0.00,10.00,0.00,4,0,0,NULL,0,NULL,NULL,NULL,NULL,'S',1,12,'BI',1,0,0),(637,'CINTA ELECTRICA MEDIANA AMARILLA ','E','B','HUNTER','U',0.00,10.00,0.00,1,0,0,NULL,0,NULL,NULL,NULL,NULL,'S',1,12,'BI',1,0,0),(638,'SERGIO CREADO EN MKAQUINA 2','A','B','ZS','U',1.00,12.00,0.00,1,0,0,NULL,0,NULL,NULL,NULL,NULL,'S',1,2,'BI',1,0,0),(639,'LLAVE DE BOLA DE 1\" BRONCE ','G','B','BOSSI','U',42.00,65.00,0.00,7,0,0,NULL,0,NULL,NULL,NULL,NULL,'S',6,12,'BI',1,0,0),(640,'CHEQUE ORIZONTAL DE 2\" BRONCE ','G','B','USAK ','U',172.00,195.00,0.00,3,0,0,NULL,0,NULL,NULL,NULL,NULL,'S',6,12,'BI',1,0,0),(641,'LLAVE DE BOLA 11/2 METAL ','G','B','MA','U',0.00,75.00,0.00,3,0,0,NULL,0,NULL,NULL,NULL,NULL,'S',6,12,'BI',1,0,0),(642,'LLAVE DE BOLA 11/2 METAL','G','B','BEEV','U',0.00,65.00,0.00,1,0,0,NULL,0,NULL,NULL,NULL,NULL,'S',6,12,'BI',1,0,0),(643,'LLAVE DE BOLA 11/4 METAL ','G','B','BOSSI','U',0.00,55.00,0.00,2,0,0,NULL,0,NULL,NULL,NULL,NULL,'S',6,12,'BI',1,0,0),(644,'LLAVE DE BOLA DE 2\" METAL ','G','B','KUVAL','U',0.00,155.00,0.00,4,0,0,NULL,0,NULL,NULL,NULL,NULL,'S',6,12,'BI',1,0,0),(645,'LLAVE DE BOLA DE 2\" BRONCE ','G','B','USAK','U',0.00,235.00,0.00,2,0,0,NULL,0,NULL,NULL,NULL,NULL,'S',6,12,'BI',1,0,0),(646,'LLAVE DE BOLA 3/4 BRONCE ','G','B','BOSSI','U',0.00,45.00,0.00,8,0,0,NULL,0,NULL,NULL,NULL,NULL,'S',6,12,'BI',1,0,0),(647,'LLAVE DE BOLA 3/4 METAL ','G','B','BOSSI ','U',0.00,35.00,0.00,11,0,0,NULL,0,NULL,NULL,NULL,NULL,'S',6,12,'BI',1,0,0),(648,'LLAVE DE BOLA 3/4 METAL ','G','B','AQUALINA ','U',0.00,37.00,0.00,19,0,0,NULL,0,NULL,NULL,NULL,NULL,'S',6,12,'BI',1,0,0),(649,'LLAVE DE BOLA 3/4 BRONCE ','G','B','SUVAL ','U',0.00,45.00,0.00,6,0,0,NULL,0,NULL,NULL,NULL,NULL,'S',6,12,'BI',1,0,0),(650,'LLAVE DE BOLA 3/4 METAL ','G','B','CHINITO ','U',0.00,35.00,0.00,19,0,0,NULL,0,NULL,NULL,NULL,NULL,'S',6,12,'BI',1,0,0),(651,'LLAVE DE BOLA 1\" METAL ','G','B','GIOTOOLS','U',0.00,38.00,0.00,2,0,0,NULL,0,NULL,NULL,NULL,NULL,'S',6,12,'BI',1,0,0),(652,'LLAVE DE BOLA 1\" METAL ','G','B','STARBRAND','U',0.00,45.00,0.00,3,0,0,NULL,0,NULL,NULL,NULL,NULL,'S',6,12,'BI',1,0,0),(653,'LLAVE DE BOLA 3/4 METAL ','G','B','KUVAL','U',0.00,65.00,0.00,1,0,0,NULL,0,NULL,NULL,NULL,NULL,'S',6,12,'BI',1,0,0),(654,'LLAVE DE BOLA 1\" METAL ','G','B','SUVAL','U',0.00,35.00,0.00,1,0,0,NULL,0,NULL,NULL,NULL,NULL,'S',6,12,'BI',1,0,0),(655,'LLAVE DE BOLA 1/2 BRONCE ','G','B','CHINITO','U',0.00,35.00,0.00,1,0,0,NULL,0,NULL,NULL,NULL,NULL,'S',6,12,'BI',1,0,0),(656,'LLAVE DE BOLA 1/2 METAL ','G','B','ITALI','U',0.00,25.00,0.00,1,0,0,NULL,0,NULL,NULL,NULL,NULL,'S',6,12,'BI',1,0,0),(657,'LLAVE BOLA 1/2 METAL ','G','B','CAIMAN','U',0.00,25.00,0.00,1,0,0,NULL,0,NULL,NULL,NULL,NULL,'S',6,12,'BI',1,0,0),(658,'PICHACHA VERTICAL 1/2 ','G','B','KUVAL ','U',0.00,35.00,0.00,11,0,0,NULL,0,NULL,NULL,NULL,NULL,'S',6,12,'BI',1,0,0),(659,'LLAVE BOLA 11/4 PVC ','G','B','CHINITO','U',0.00,26.00,0.00,18,0,0,NULL,0,NULL,NULL,NULL,NULL,'S',6,12,'BI',1,0,0),(660,'LLAVE DE BOLA 11/4 PVC ','G','B','KUVAL ','U',0.00,30.00,0.00,4,0,0,NULL,0,NULL,NULL,NULL,NULL,'S',6,12,'BI',1,0,0),(661,'LLAVE DE BOLA 11/2 PVC ','G','B','USAK','U',0.00,35.00,0.00,7,0,0,NULL,0,NULL,NULL,NULL,NULL,'S',6,12,'BI',1,0,0),(662,'LLAVE DE BOLA 11/2 PVC ','G','B','HALCON ','U',0.00,30.00,0.00,4,0,0,NULL,0,NULL,NULL,NULL,NULL,'S',6,12,'BI',1,0,0),(663,'LLAVE DE BOLA 2\" PVC ','G','B','CHINITO ','U',0.00,55.00,0.00,12,0,0,NULL,0,NULL,NULL,NULL,NULL,'S',6,12,'BI',1,0,0),(664,'LLAVE DE PASO 2\" PVC ','G','B','KUVAL ','U',0.00,50.00,0.00,3,0,0,NULL,0,NULL,NULL,NULL,NULL,'S',6,12,'BI',1,0,0),(665,'LLAVE DE 21/2 PVC DE COLA ','G','B','CHINITO','U',0.00,115.00,0.00,2,0,0,NULL,0,NULL,NULL,NULL,NULL,'S',6,10,'BI',1,0,0),(666,'LLAVE COMPUERTA 1/2 BRONCE ','G','B','GIOO TOOLS ','U',0.00,32.00,0.00,8,0,0,NULL,0,NULL,NULL,NULL,NULL,'S',6,12,'BI',1,0,0),(667,'LLAVE DE COMPUERTA 1/2 BRONCE ','G','B','INOVSA ','U',0.00,45.00,0.00,12,0,0,NULL,0,NULL,NULL,NULL,NULL,'S',6,12,'BI',1,0,0),(668,'LLAVE DE COMPUERTA 3/4 BRONCE ','G','B','GIO TOOLS ','U',0.00,45.00,0.00,13,0,0,NULL,0,NULL,NULL,NULL,NULL,'S',6,12,'BI',1,0,0),(669,'LLAVE DE COMPUERTA 3/4 BRONCE ','G','B','TROYA ','U',0.00,45.00,0.00,15,0,0,NULL,0,NULL,NULL,NULL,NULL,'S',6,12,'BI',1,0,0),(670,'LLAVE DECOMPUERTA 1/2 BRONCE ','G','B','TROYA TOOLS ','U',0.00,32.00,0.00,8,0,0,NULL,0,NULL,NULL,NULL,NULL,'S',6,12,'BI',1,0,0),(671,'LLAVE DE COMPUERTA 1\" BRONCE ','G','B','TROYA TOOLS','U',0.00,62.00,0.00,15,0,0,NULL,0,NULL,NULL,NULL,NULL,'S',6,12,'BI',1,0,0),(672,'LLAVE DE COMPUERTA 1/2 BRONCE ','G','B','DICA ','U',0.00,55.00,0.00,2,0,0,NULL,0,NULL,NULL,NULL,NULL,'S',6,13,'BI',1,0,0),(673,'LLAVE DE COMPUERTA 1\" BRONCE','G','B','DICA ','U',0.00,72.50,0.00,2,0,0,NULL,0,NULL,NULL,NULL,NULL,'S',6,12,'BI',1,0,0),(674,'LLAVE DE COMPUERTA 11/4 BRONCE ','G','B','DICA ','U',0.00,105.00,0.00,1,0,0,NULL,0,NULL,NULL,NULL,NULL,'S',6,12,'BI',1,0,0),(675,'LLAVE DE COMPUERTA 11/2 BRONCE ','G','B','GIO TOOLS ','U',0.00,92.00,0.00,3,0,0,NULL,0,NULL,NULL,NULL,NULL,'S',6,12,'BI',1,0,0),(676,'CHEQUE ORIZONTAL 1/2 BRONCE ','G','B','ITALY ','U',0.00,30.00,0.00,10,0,0,NULL,0,NULL,NULL,NULL,NULL,'S',6,12,'BI',1,0,0),(677,'CHEQUE ORIZONTAL 1/2 BRONCE ','G','B','BOSSI ','U',0.00,30.00,0.00,7,0,0,NULL,0,NULL,NULL,NULL,NULL,'S',6,12,'BI',1,0,0),(678,'CHEQUE ORINTAL 1/2 BRONCE ','G','B','TROYA ','U',0.00,30.00,0.00,1,0,0,NULL,0,NULL,NULL,NULL,NULL,'S',6,12,'BI',1,0,0),(679,'CHEQUE ORIZONTAL 3/4 BRONCE ','G','B','BOSSI','U',0.00,55.00,0.00,1,0,0,NULL,0,NULL,NULL,NULL,NULL,'S',6,12,'BI',1,0,0),(680,'CHEQUE ORIZONTAL 3/4 BRONCE ','G','B','KUVAL','U',0.00,45.00,0.00,1,0,0,NULL,0,NULL,NULL,NULL,NULL,'S',6,12,'BI',1,0,0),(681,'CHEQUE ORIZONTAL1\" BRONCE ','G','B','SUVAL','U',0.00,75.00,0.00,3,0,0,NULL,0,NULL,NULL,NULL,NULL,'S',6,12,'BI',1,0,0),(682,'CHEQUE ORIZONTAL 1\" BRONCE ','G','B','KUVAL ','U',0.00,68.00,0.00,3,0,0,NULL,0,NULL,NULL,NULL,NULL,'S',6,12,'BI',1,0,0),(683,'CHEQUE ORIZONTAL 1\" BRONCE ','G','B','BOSSI','U',0.00,70.00,0.00,1,0,0,NULL,0,NULL,NULL,NULL,NULL,'S',6,12,'BI',1,0,0),(684,'CHEQUE ORIZONTAL 11/4 BRONCE ','G','B','BOSSI ','U',0.00,120.00,0.00,2,0,0,NULL,0,NULL,NULL,NULL,NULL,'S',6,12,'BI',1,0,0),(685,'CHEQUE ORIZANTAL 11/2 BRONCE ','G','B','USAK','U',0.00,135.00,0.00,3,0,0,NULL,0,NULL,NULL,NULL,NULL,'S',6,12,'BI',1,0,0),(686,'LLAVE DE BOLA 1/2 PVC ','G','B','CHINITO','U',0.00,12.00,0.00,23,0,0,NULL,0,NULL,NULL,NULL,NULL,'S',6,12,'BI',1,0,0),(687,'LLAVE DE BOLA 1/2 PVC ','G','B','SUVAL','U',0.00,12.00,0.00,6,0,0,NULL,0,NULL,NULL,NULL,NULL,'S',6,12,'BI',1,0,0),(688,'LLAVE DE BOLA 1/2 PVC ','G','B','BOSSI','U',0.00,12.00,0.00,9,0,0,NULL,0,NULL,NULL,NULL,NULL,'S',6,12,'BI',1,0,0),(689,'LLAVE DE BOLA 1/2 PVC ','G','B','HALCON ','U',0.00,15.00,0.00,6,0,0,NULL,0,NULL,NULL,NULL,NULL,'S',6,12,'BI',1,0,0),(690,'LLAVE DE BOLA 3/4 PVC ','G','B','CHINITO ','U',0.00,18.00,0.00,11,0,0,NULL,0,NULL,NULL,NULL,NULL,'S',6,12,'BI',1,0,0),(691,'LLAVE DE BOLA 3/4 PVC ','G','B','HALCON ','U',0.00,18.00,0.00,1,0,0,NULL,0,NULL,NULL,NULL,NULL,'S',6,12,'BI',1,0,0),(692,'LLAVE DE BOLA 3/4 PVC  ','G','B','BRICKELL','U',0.00,18.00,0.00,1,0,0,NULL,0,NULL,NULL,NULL,NULL,'S',6,12,'BI',1,0,0),(693,'LLAVE DE BOLA 3/4 CN/ ROSCA PVC ','G','B','XINGDA','U',0.00,20.00,0.00,3,0,0,NULL,0,NULL,NULL,NULL,NULL,'S',6,12,'BI',1,0,0),(694,'LLAVE DE BOLA 3/4 PVC ','G','B','DURMAN','U',0.00,20.00,0.00,1,0,0,NULL,0,NULL,NULL,NULL,NULL,'S',6,12,'BI',1,0,0),(695,'LLAVE DE BOLA 3/4 PVC PESADO G','G','B','CHINITO','U',0.00,20.00,0.00,1,0,0,NULL,0,NULL,NULL,NULL,NULL,'S',6,12,'BI',1,0,0),(696,'LLAVE DE BOLA 1\" PVC ','G','B','CHINITO','U',0.00,22.00,0.00,8,0,0,NULL,0,NULL,NULL,NULL,NULL,'S',6,12,'BI',1,0,0),(697,'LLAVE DE BOLA 1\" PVC ','G','B','BRICKELL','U',0.00,18.00,0.00,1,0,0,NULL,0,NULL,NULL,NULL,NULL,'S',6,12,'BI',1,0,0),(698,'LLAVE DE BOLA 1\" PVC C/ ROSCA ','G','B','XINGDA ','U',0.00,30.00,0.00,6,0,0,NULL,0,NULL,NULL,NULL,NULL,'S',6,12,'BI',1,0,0),(699,'CONTRALLAVE AL PISO 1/2X1/2 ','G','B','BOSSI','U',0.00,28.00,0.00,4,0,0,NULL,0,NULL,NULL,NULL,NULL,'S',6,24,'BI',1,0,0),(700,'CONTRA LLAVE AL PISO 1/2X3/8 ','G','B','VIKINGO','U',0.00,25.00,0.00,1,0,0,NULL,0,NULL,NULL,NULL,NULL,'S',6,24,'BI',1,0,0),(701,'CONTRA LLAVE ALA PARED 1/2X1/2 ','G','B','CHINITO','U',0.00,25.00,0.00,7,0,0,NULL,0,NULL,NULL,NULL,NULL,'S',6,24,'BI',1,0,0),(702,'CONTRA LLAVE ALA PARED 1/2X1/2 ','G','B','SUVAL ','U',0.00,28.00,0.00,2,0,0,NULL,0,NULL,NULL,NULL,NULL,'S',6,24,'BI',1,0,0),(703,'CONTRA LLAVE ALA PARED 1/2X3/8','G','B','HERSHES ','U',0.00,25.00,0.00,25,0,0,NULL,0,NULL,NULL,NULL,NULL,'S',6,36,'BI',1,0,0),(704,'CONTRA LLAVE ALA PARED 1/2X3/8','G','B','GIO TOOLS ','U',0.00,25.00,0.00,1,0,0,NULL,0,NULL,NULL,NULL,NULL,'S',6,24,'BI',1,0,0),(705,'CONTRA LLAVE ALA PARED 1/2X1/2','G','B','CHINITO ','U',0.00,30.00,0.00,7,0,0,NULL,0,NULL,NULL,NULL,NULL,'S',6,36,'BI',1,0,0),(706,'CONTRA LLAVE ALA PARED 1/2X3/8','G','B','BRICKELL','U',0.00,25.00,0.00,1,0,0,NULL,0,NULL,NULL,NULL,NULL,'S',6,24,'BI',1,0,0),(707,'CONTRA LLAVE ALA PARED 1/2X3/8','G','B','BRASS CRAFT','U',0.00,45.00,0.00,3,0,0,NULL,0,NULL,NULL,NULL,NULL,'S',6,24,'BI',1,0,0),(708,'CONTRA LLAVE ALA PARED1/2X1/2 ','G','B','GRIVEN ','U',0.00,28.00,0.00,9,0,0,NULL,0,NULL,NULL,NULL,NULL,'S',6,24,'BI',1,0,0),(709,'CONTRA LLAVE AL PISO 1/2X3/8 ','G','B','KUVAL ','U',0.00,25.00,0.00,17,0,0,NULL,0,NULL,NULL,NULL,NULL,'S',6,30,'BI',1,0,0),(710,'CONTRA LLAVE AL PISO 1/2X1/2','G','B','USAK ','U',0.00,25.00,0.00,1,0,0,NULL,0,NULL,NULL,NULL,NULL,'S',6,36,'BI',1,0,0),(711,'LLAVE DE BOLA 3/4 METAL','G','B','MA','U',0.00,35.00,0.00,28,0,0,NULL,0,NULL,NULL,NULL,NULL,'S',6,36,'BI',1,0,0),(712,'CONTRA LLAVE DOBLE 1/2X3/8 ','G','B','EMERALD ','U',0.00,25.00,0.00,8,0,0,NULL,0,NULL,NULL,NULL,NULL,'S',6,24,'BI',1,0,0),(713,'CONTRA LLAVE DOBLE 1/2X3/8','G','B','GIO TOOLS ','U',0.00,25.00,0.00,5,0,0,NULL,0,NULL,NULL,NULL,NULL,'S',6,36,'BI',1,0,0),(714,'CONTRA LAVE DOBLE 1/2X3/8 ','G','B','BOXER TOOLS ','U',0.00,32.00,0.00,5,0,0,NULL,0,NULL,NULL,NULL,NULL,'S',6,36,'BI',1,0,0),(715,'CONTRA LLAVE AL PISO 1/2X3/8 ','G','B','GIO TOOLS ','U',0.00,25.00,0.00,5,0,0,NULL,0,NULL,NULL,NULL,NULL,'S',6,36,'BI',1,0,0),(716,'CONTRA LLAVE AL PISO 1/2X3/8 ','G','B','SUVAL','U',0.00,25.00,0.00,9,0,0,NULL,0,NULL,NULL,NULL,NULL,'S',6,24,'BI',1,0,0),(717,'CONTRA LLAVE AL PISO 1/2X3/8 ','G','B','HERSHEY','U',0.00,25.00,0.00,11,0,0,NULL,0,NULL,NULL,NULL,NULL,'S',6,36,'BI',1,0,0),(718,'CONTRA LLAVE AL PISO 1/2X3/8','G','B','BRASS CRAFT','U',0.00,45.00,0.00,3,0,0,NULL,0,NULL,NULL,NULL,NULL,'S',6,36,'BI',1,0,0),(719,'CONTRA LLAVE AL PISO 1/2X3/8 ','G','B','AQUABLUE','U',0.00,25.00,0.00,4,0,0,NULL,0,NULL,NULL,NULL,NULL,'S',6,36,'BI',1,0,0),(720,'CONTRA LLAVE AL PISO 1/2X3/8','G','B','BOSSI','U',0.00,25.00,0.00,2,0,0,NULL,0,NULL,NULL,NULL,NULL,'S',6,36,'BI',1,0,0),(721,'CONTRA LLAVE ALA PARED 1/2X1/2 ','G','B','GIO TOOLS ','U',0.00,25.00,0.00,1,0,0,NULL,0,NULL,NULL,NULL,NULL,'S',6,36,'BI',1,0,0),(722,'CONTRA LLAVE AL PISO 1/2X1/2','G','B','CHINITO ','U',0.00,25.00,0.00,1,0,0,NULL,0,NULL,NULL,NULL,NULL,'S',6,36,'BI',1,0,0),(723,'CONTRA LLAVE AL PISO 1/2X1/2','G','B','GIO TOOLS ','U',0.00,25.00,0.00,2,0,0,NULL,0,NULL,NULL,NULL,NULL,'S',6,36,'BI',1,0,0),(724,'PICHACHA VERTICAL DE 1/2 ','G','B','ITALY','U',0.00,35.00,0.00,1,0,0,NULL,0,NULL,NULL,NULL,NULL,'S',6,12,'BI',1,0,0),(725,'PICHACHA VERTICAL 3/4 ','G','B','BOSSI','U',0.00,45.00,0.00,7,0,0,NULL,0,NULL,NULL,NULL,NULL,'S',6,12,'BI',1,0,0),(726,'PICHACHA VERTICAL 3/4','G','B','CHINITO','U',0.00,45.00,0.00,3,0,0,NULL,0,NULL,NULL,NULL,NULL,'S',6,12,'BI',1,0,0),(727,'PICHACHA VERTICAL 1 ','G','B','USAK','U',0.00,55.00,0.00,2,0,0,NULL,0,NULL,NULL,NULL,NULL,'S',6,12,'BI',1,0,0),(728,'PICHACHA VERTICAL DE 1','G','B','ZBW','U',0.00,45.00,0.00,4,0,0,NULL,0,NULL,NULL,NULL,NULL,'S',6,12,'BI',1,0,0),(729,'PICHACHA VERTICAL DE 1 1/4','G','B','BOSSI ITALY','U',0.00,65.00,0.00,2,0,0,NULL,0,NULL,NULL,NULL,NULL,'S',6,12,'BI',1,0,0),(730,'PICHACHA VERTICAL DE 1 1/4','G','B','BOSSI','U',0.00,85.00,0.00,1,0,0,NULL,0,NULL,NULL,NULL,NULL,'S',6,12,'BI',1,0,0),(731,'PICHACHA VERTICAL DE 1 1/4','G','B','USAK','U',0.00,72.00,0.00,7,0,0,NULL,0,NULL,NULL,NULL,NULL,'S',6,12,'BI',1,0,0),(732,'PICHACHA VERTICAL 1 1/2','G','B','SUVAL','U',0.00,135.00,0.00,4,0,0,NULL,0,NULL,NULL,NULL,NULL,'S',6,12,'BI',1,0,0),(733,'PICHACHA VERTICAL DE 1 1/2','G','B','KUVAL','U',0.00,105.00,0.00,2,0,0,NULL,0,NULL,NULL,NULL,NULL,'S',6,12,'BI',1,0,0),(734,'PICHACHA VERTICAL DE 1 1/2','G','B','TROYA','U',0.00,65.00,0.00,1,0,0,NULL,0,NULL,NULL,NULL,NULL,'S',6,12,'BI',1,0,0),(735,'PICHACHA VERTICAL DE 2 ','G','B','USAK','U',0.00,150.00,0.00,3,0,0,NULL,0,NULL,NULL,NULL,NULL,'S',6,12,'BI',1,0,0),(736,'SIFON FLEXIBLE PARA DUCHA UNIVERSAL','G','B','CHINITO','U',0.00,25.00,0.00,2,0,0,NULL,0,NULL,NULL,NULL,NULL,'S',6,12,'BI',1,0,0),(737,'SIFON FLEXIBLE PARA LAVAMANOS CON REGIA BLANCA','G','B','FAMA','U',0.00,25.00,0.00,7,0,0,NULL,0,NULL,NULL,NULL,NULL,'S',6,12,'BI',1,0,0),(738,'ARBOLITO PARA SANITARIO','G','B','COFLEX','U',0.00,25.00,0.00,13,0,0,NULL,0,NULL,NULL,NULL,NULL,'S',6,12,'BI',1,0,0),(739,'ARBOLITO PARA SANITARIO','G','B','FAMA','U',0.00,20.00,0.00,2,0,0,NULL,0,NULL,NULL,NULL,NULL,'S',6,12,'BI',1,0,0),(740,'ARBOLITO PARA SANITARIO','G','B','CHINITO','U',0.00,20.00,0.00,7,0,0,NULL,0,NULL,NULL,NULL,NULL,'S',6,12,'BI',1,0,0),(741,'ARBOLITO PARA SANITRIO','G','B','VIKINGO','U',0.00,18.00,0.00,2,0,0,NULL,0,NULL,NULL,NULL,NULL,'S',6,12,'BI',1,0,0),(742,'CHORRO DE 1/2','G','B','AQUA LINA','U',0.00,25.00,0.00,1,0,0,NULL,0,NULL,NULL,NULL,NULL,'S',6,12,'BI',1,0,0),(743,'CHORRO DE PALANCA 1/2 ','G','B','SUVAL','U',0.00,25.00,0.00,0,0,0,NULL,0,NULL,NULL,NULL,NULL,'S',1,12,'BI',1,0,0),(744,'CHORRO DE PALANCA 1/2','G','B','MA','U',0.00,25.00,0.00,1,0,0,NULL,0,NULL,NULL,NULL,NULL,'S',1,12,'BI',1,0,0),(745,'CHORRO DE PALANCA DE BRONCE 1/2','G','B','COVO','U',0.00,40.00,0.00,1,0,0,NULL,0,NULL,NULL,NULL,NULL,'S',1,12,'BI',1,0,0),(746,'SIFON CORRUGADO PARA DESAGUE DE LAVADO ','G','B','COPLEX','U',0.00,30.00,0.00,21,0,0,NULL,0,NULL,NULL,NULL,NULL,'S',1,50,'BI',1,0,0),(747,'SIFON FLEXIBLE PARA LAVADO 11/2','G','B','BOXER TOOLS','U',0.00,25.00,0.00,9,0,0,NULL,0,NULL,NULL,NULL,NULL,'S',1,20,'BI',1,0,0),(748,'SIFON FLEXIBLE PARA LAVADO 11/4','G','B','BOXER TOOLS','U',0.00,25.00,0.00,5,0,0,NULL,0,NULL,NULL,NULL,NULL,'S',1,12,'BI',1,0,0),(749,'SIFON PARA REGADERA DOBLE TIPO CACHO PÑ','G','B','COFLEX','U',0.00,25.00,0.00,4,0,0,NULL,0,NULL,NULL,NULL,NULL,'S',1,12,'BI',1,0,0),(750,'SIFON PARA REGADERA TIPO CACHO PÑ','G','B','CHINITO','U',0.00,20.00,0.00,3,0,0,NULL,0,NULL,NULL,NULL,NULL,'S',1,12,'BI',1,0,0),(751,'SIFON FLEXIBLE CROMADO ACERO INOXIDABLE ','G','B','MIBER','U',0.00,38.00,0.00,1,0,0,NULL,0,NULL,NULL,NULL,NULL,'S',1,12,'BI',1,0,0),(752,'EXTENCION CROMADA PARA LAVAMANOS ','G','B','CHINITO','U',0.00,15.00,0.00,18,0,0,NULL,0,NULL,NULL,NULL,NULL,'S',1,20,'BI',1,0,0),(753,'EXTENCION CROMADA 11/4','G','B','AQUA BLUE','U',0.00,16.00,0.00,6,0,0,NULL,0,NULL,NULL,NULL,NULL,'S',1,12,'BI',1,0,0),(754,'KIT COMPLETO PARA LAVAMANOS ','G','B','GRIVAL','U',0.00,35.00,0.00,4,0,0,NULL,0,NULL,NULL,NULL,NULL,'S',1,12,'BI',1,0,0),(755,'CINTA PARA DUCTO DE 2PG','E','B','BESTVALUE ','U',0.00,20.00,0.00,12,0,0,NULL,0,NULL,NULL,NULL,NULL,'S',1,24,'BI',1,0,0),(756,'SOKET CAJA ','E','B',' AMERICAN POWER','U',165.00,190.00,0.00,14,0,0,NULL,0,NULL,NULL,NULL,NULL,'S',1,20,'BI',1,0,0),(757,'CINTA SCOTCH SUPER 33+','E','B','3M','U',42.50,50.00,0.00,20,0,0,NULL,0,NULL,NULL,NULL,NULL,'S',1,24,'BI',1,0,0),(758,'GALON DE ASFALTINA ','O','B','FESTER','U',184.00,225.00,0.00,3,0,0,NULL,0,NULL,NULL,NULL,NULL,'S',1,24,'BI',1,0,0),(759,'ESPUMA EXPANSIVA 500ML','O','B','SISTA HENTEL','U',89.10,105.00,0.00,6,0,0,NULL,0,NULL,NULL,NULL,NULL,'S',1,24,'BI',1,0,0),(760,'SPRAY DW-40 11 OZ','O','B','CHINITO','U',37.50,45.00,0.00,6,0,0,NULL,0,NULL,NULL,NULL,NULL,'S',1,24,'BI',1,0,0),(761,'CINTA PARA DUCTO ','E','B','HYSTIK','U',12.50,20.00,0.00,20,0,0,NULL,0,NULL,NULL,NULL,NULL,'S',1,24,'BI',1,0,0),(762,'CHAPA DE BOLA ENTRADA PRINCIPAL DORADA ','G','B','MAXTOOL','U',0.00,90.00,0.00,4,0,0,NULL,0,NULL,NULL,NULL,NULL,'S',1,24,'BI',1,0,0),(763,'SOPORTE P/DISCOS 4/2','E','B','BESTVALUE','U',0.00,35.00,0.00,10,0,0,NULL,0,NULL,NULL,NULL,NULL,'S',1,24,'BI',1,0,0),(764,'SOPORTE P/DISCOS 7 PG','E','B','BESTVALUE','U',0.00,45.00,0.00,5,0,0,NULL,0,NULL,NULL,NULL,NULL,'S',1,24,'BI',1,0,0),(765,'PELADOR P/PATATAS ','O','B','TRAMONTINA','U',0.00,22.00,0.00,4,0,0,NULL,0,NULL,NULL,NULL,NULL,'S',1,12,'BI',1,0,0),(766,'BOMBA DE AGUA 1/2HP','G','B','AQUALINA','U',0.00,350.00,0.00,8,0,0,NULL,0,NULL,NULL,NULL,NULL,'S',1,6,'BI',1,0,0),(767,'BOMBA DE AGUA 0.8 HP','G','B','VIKINGO','U',0.00,550.00,0.00,2,0,0,NULL,0,NULL,NULL,NULL,NULL,'S',1,6,'BI',1,0,0),(768,'BOMBA DE AGUA 1/2 HP','G','B','TRUPER','U',0.00,0.00,0.00,4,0,0,NULL,0,NULL,NULL,NULL,NULL,'S',1,6,'BI',1,0,0),(769,'BOMBA DE AGUA 1\" HP ','G','B','TRUPER','U',0.00,0.00,0.00,3,0,0,NULL,0,NULL,NULL,NULL,NULL,'S',1,4,'BI',1,0,0),(770,'BOMBA DE AGUA 1/2 HP','G','B','VIKINGO','U',0.00,350.00,0.00,3,0,0,NULL,0,NULL,NULL,NULL,NULL,'S',1,6,'BI',1,0,0),(771,'BOMBA DE AGUA 1/2 HP','G','B','LEO','U',0.00,0.00,0.00,1,0,0,NULL,0,NULL,NULL,NULL,NULL,'S',1,3,'BI',1,0,0),(772,'LINTERNA RECARGABLE DE 7 LEP','O','B','POWER','U',0.00,36.00,0.00,4,0,0,NULL,0,NULL,NULL,NULL,NULL,'S',1,12,'BI',1,0,0),(773,'METRO DE 8M PROFECIONAL','A','B','BESTVALUE','U',0.00,45.00,0.00,11,0,0,NULL,0,NULL,NULL,NULL,NULL,'S',1,20,'BI',1,0,0),(774,'METRO DE 5M PROFESIONAL','A','B','BESTVALUE','U',0.00,38.00,0.00,11,0,0,NULL,0,NULL,NULL,NULL,NULL,'S',1,12,'BI',1,0,0),(775,'MARTILLO DE MANGO DE METALTUBULAR 16 ONZ','A','B','TRUPER','U',0.00,65.00,0.00,3,0,0,NULL,0,NULL,NULL,NULL,NULL,'S',1,10,'BI',1,0,0),(776,'MARTILLO DE MANGO DE MADERA  8 ONZ','A','B','BRICKEL','U',0.00,32.00,0.00,7,0,0,NULL,0,NULL,NULL,NULL,NULL,'S',1,10,'BI',1,0,0),(777,'MARTILLO DE MANGO DE MADERA 29MM','A','B','CADENA','U',0.00,40.00,0.00,5,0,0,NULL,0,NULL,NULL,NULL,NULL,'S',1,10,'BI',1,0,0),(778,'MARTILLO DE MANGO DE MADERA 27MM ONZ','A','B','CADENA','U',0.00,38.00,0.00,5,0,0,NULL,0,NULL,NULL,NULL,NULL,'S',1,10,'BI',1,0,0),(779,'MARTILLO DE MANGO DE MADERA 16 ONZ','A','B','HOTECHE','U',0.00,45.00,0.00,1,0,0,NULL,0,NULL,NULL,NULL,NULL,'S',1,10,'BI',1,0,0),(780,'MARTILLO DE MANGO DE MADERA 25MM','A','B','GIO TOOLS','U',0.00,46.00,0.00,1,0,0,NULL,0,NULL,NULL,NULL,NULL,'S',1,10,'BI',1,0,0),(781,' MACHO MANGO DE FIBRA VIDRIO 2LBS','A','B','POWER TECH','U',0.00,70.00,0.00,3,0,0,NULL,0,NULL,NULL,NULL,NULL,'S',1,10,'BI',1,0,0),(782,' MACHO MANGO DE FIBRA VIDRIO 3LBS','A','B','GIO TOOLS ','U',0.00,75.00,0.00,1,0,0,NULL,0,NULL,NULL,NULL,NULL,'S',1,10,'BI',1,0,0),(783,' MACHO MANGO DE MADERA 4 LBS','A','B','VIKINGO','U',0.00,70.00,0.00,1,0,0,NULL,0,NULL,NULL,NULL,NULL,'S',1,10,'BI',1,0,0),(784,' MACHO MANGO DE MADERA 2LBS','A','B','BESTVALUE','U',0.00,60.00,0.00,3,0,0,NULL,0,NULL,NULL,NULL,NULL,'S',1,10,'BI',1,0,0),(785,' MACHO MANGO DE MADERA 1.50LBS','A','B','TREMONTINA','U',0.00,45.00,0.00,3,0,0,NULL,0,NULL,NULL,NULL,NULL,'S',1,10,'BI',1,0,0),(786,' MACHO BOLA  MANGO DE MADERA  1\'/2 LBS','A','B','VIKINGO','U',0.00,33.00,0.00,0,0,0,NULL,0,NULL,NULL,NULL,NULL,'S',1,10,'BI',1,0,0),(787,' MACHO BOLA MANGO DE MADERA  2LBS ','A','B','VIKINGO','U',0.00,55.00,0.00,1,0,0,NULL,0,NULL,NULL,NULL,NULL,'S',1,10,'BI',1,0,0),(788,'CHAPA DE BOLA BRONCE PULIDO ','G','B','VIKINGO ','U',0.00,65.00,0.00,1,0,0,NULL,0,NULL,NULL,NULL,NULL,'S',1,12,'BI',1,0,0),(789,'CHAPA DE BOLA POMO ','G','B','HUNTER','U',0.00,55.00,0.00,2,0,0,NULL,0,NULL,NULL,NULL,NULL,'S',1,12,'BI',1,0,0),(790,'CHAPA DE BOLA PARA BAÑO COBRE ANTIGUO ','G','B','HUNTER','U',0.00,55.00,0.00,1,0,0,NULL,0,NULL,NULL,NULL,NULL,'S',1,12,'BI',1,0,0),(791,'CHAPA DE BOLA COLOR MADERA ','G','B','HUNTER','U',0.00,55.00,0.00,2,0,0,NULL,0,NULL,NULL,NULL,NULL,'S',1,12,'BI',1,0,0),(792,'CHAPA DE BOLA DE BRONCE ','G','B','MAXTOOL','U',0.00,90.00,0.00,6,0,0,NULL,0,NULL,NULL,NULL,NULL,'S',1,12,'BI',1,0,0),(793,'CHAPA DE BOLA  COBRISO CON NEGRO','G','B','BESTVALUE','U',0.00,125.00,0.00,4,0,0,NULL,0,NULL,NULL,NULL,NULL,'S',1,12,'BI',1,0,0),(794,'CHAPA DE BOLA BRONCEADO CON NEGRO','G','B','BESTVALUE','U',0.00,125.00,0.00,3,0,0,NULL,0,NULL,NULL,NULL,NULL,'S',1,12,'BI',1,0,0),(795,'CHAPA DE BOLA DORADA CON BRONCEADO','G','B','BESTVALUE','U',0.00,105.00,0.00,3,0,0,NULL,0,NULL,NULL,NULL,NULL,'S',1,12,'BI',1,0,0),(796,'CHAPA DE BOLA ACERO INOXIDABLE ','G','B','BESTVALUE','U',0.00,125.00,0.00,3,0,0,NULL,0,NULL,NULL,NULL,NULL,'S',1,12,'BI',1,0,0),(797,'CHAPA DE BOLA ACERO INOXIDABLE CON COBRISADO','G','B','BESTVALUE','U',0.00,90.00,0.00,3,0,0,NULL,0,NULL,NULL,NULL,NULL,'S',1,12,'BI',1,0,0),(798,'CHAPA DE BOLA DORADA','G','B','BOXER TOOLS','U',0.00,75.00,0.00,1,0,0,NULL,0,NULL,NULL,NULL,NULL,'S',1,12,'BI',1,0,0),(799,'CHAPA DE BOLA COBRISO ','G','B','BOXER TOOLS','U',0.00,65.00,0.00,3,0,0,NULL,0,NULL,NULL,NULL,NULL,'S',1,12,'BI',1,0,0),(800,'CHAPA DE BOLA BRONCE OSCURO','G','B','BOXER TOLLS','U',0.00,60.00,0.00,1,0,0,NULL,0,NULL,NULL,NULL,NULL,'S',1,12,'BI',1,0,0),(801,'CHAPA DE BOLA DORADA','G','B','RERRO','U',0.00,60.00,0.00,1,0,0,NULL,0,NULL,NULL,NULL,NULL,'S',1,12,'BI',1,0,0),(802,'CHAPA DE BOLA BRONCE ','G','B','FORTE','U',0.00,55.00,0.00,1,0,0,NULL,0,NULL,NULL,NULL,NULL,'S',1,12,'BI',1,0,0),(803,'CHAPA DE BOLA DORADA ','G','B','BODY GUARDO','U',0.00,100.00,0.00,4,0,0,NULL,0,NULL,NULL,NULL,NULL,'S',1,12,'BI',1,0,0),(804,'CHAPA DE MANECILLA DORADO','G','B','BESTVALUE','U',0.00,145.00,0.00,3,0,0,NULL,0,NULL,NULL,NULL,NULL,'S',1,12,'BI',1,0,0),(805,'CHAPA DE MANECILLA BRONCIADO','G','B','BESTVALUE','U',0.00,155.00,0.00,7,0,0,NULL,0,NULL,NULL,NULL,NULL,'S',1,12,'BI',1,0,0),(806,'CHAPA DE MANECILLA COBRIZADO','G','B','BESTVALUE','U',0.00,145.00,0.00,3,0,0,NULL,0,NULL,NULL,NULL,NULL,'S',1,12,'BI',1,0,0),(807,'CHAPA PARA GABETA 808 NEGRA ','G','B','CHINITO','U',0.00,15.00,0.00,14,0,0,NULL,0,NULL,NULL,NULL,NULL,'S',1,12,'BI',1,0,0),(808,'CHAPA PARA GABETA 808 DORADA','G','B','CHINITA','U',0.00,15.00,0.00,1,0,0,NULL,0,NULL,NULL,NULL,NULL,'S',1,12,'BI',1,0,0),(809,'CHAPA PARA GABETA DORADA','G','B','HUNTER','U',0.00,18.00,0.00,33,0,0,NULL,0,NULL,NULL,NULL,NULL,'S',1,50,'BI',1,0,0),(810,'CHAPA PESADA SEGURA','G','B','BOXER TOOLS','U',0.00,265.00,0.00,1,0,0,NULL,0,NULL,NULL,NULL,NULL,'S',1,12,'BI',1,0,0),(811,'CHAPA DERECHA ','G','B','FERRO','U',0.00,75.00,0.00,8,0,0,NULL,0,NULL,NULL,NULL,NULL,'S',1,12,'BI',1,0,0),(812,'CHAPA IZQUIERDA ','G','B','FERRO','U',0.00,75.00,0.00,4,0,0,NULL,0,NULL,NULL,NULL,NULL,'S',1,12,'BI',1,0,0),(813,'CHAPA DERECHA ','G','B','SANTUL','U',0.00,75.00,0.00,1,0,0,NULL,0,NULL,NULL,NULL,NULL,'S',1,12,'BI',1,0,0),(814,'CHAPA DE POMO DE BOLA DE CROMO','G','B','PENTA LOCK','U',0.00,60.00,0.00,7,0,0,NULL,0,NULL,NULL,NULL,NULL,'S',1,12,'BI',1,0,0),(815,'CERRADURA PARA MUEBLE ','A','B','HERMEX','U',0.00,55.00,0.00,1,0,0,NULL,0,NULL,NULL,NULL,NULL,'S',1,12,'BI',1,0,0),(816,'MADRIL CON LLAVE 1/2','A','B','BRICKELL','U',0.00,40.00,0.00,4,0,0,NULL,0,NULL,NULL,NULL,NULL,'S',1,12,'BI',1,0,0),(817,'LLAVE PARA MADRIL 1/2','A','B','BRICKELL','U',0.00,16.00,0.00,1,0,0,NULL,0,NULL,NULL,NULL,NULL,'S',1,12,'BI',1,0,0),(818,'LLAVE PARA MADRIL 1/2 ','A','B','HUNTER','U',0.00,18.00,0.00,4,0,0,NULL,0,NULL,NULL,NULL,NULL,'S',1,12,'BI',1,0,0),(819,'MARTILLO DE MANGO DE FIBRA DE VIDRIO 20 OZ','A','B','BESTVALUE','U',0.00,65.00,0.00,2,0,0,NULL,0,NULL,NULL,NULL,NULL,'S',1,10,'BI',1,0,0),(820,'MARTILLO DE MANGO DE METAL TUBULAR 20 OZ','A','B','BESTVALUE','U',0.00,55.00,0.00,3,0,0,NULL,0,NULL,NULL,NULL,NULL,'S',1,10,'BI',1,0,0),(821,'MARTILLO DE MANGO DE MADERA 8 OZ','A','B','HUNTER','U',0.00,32.00,0.00,56,0,0,NULL,0,NULL,NULL,NULL,NULL,'S',1,10,'BI',1,0,0),(822,'MARTILLO DE MANGO DE MADERA 18MM','A','B','TRAMONTINA','U',0.00,28.00,0.00,3,0,0,NULL,0,NULL,NULL,NULL,NULL,'S',1,10,'BI',1,0,0),(823,'INTERRUPTOR CON FUSIBLE ','E','B','TROYA TOOLS','U',0.00,35.00,0.00,9,0,0,NULL,0,NULL,NULL,NULL,NULL,'S',1,12,'BI',1,0,0),(824,'INTERRUPTOR CON FUSIBLE ','E','B','CHINITO','U',0.00,30.00,0.00,3,0,0,NULL,0,NULL,NULL,NULL,NULL,'S',1,12,'BI',1,0,0),(825,'SWITCH DE PORCELANA DE 20AM Y 600VOL','E','B','NEW','U',0.00,22.00,0.00,9,0,0,NULL,0,NULL,NULL,NULL,NULL,'S',1,12,'BI',1,0,0),(826,'METRO PROFESIONAL CON PROTECTOR DE HULE  DE 8MTS','A','B','BESTVALUE','U',0.00,45.00,0.00,5,0,0,NULL,0,NULL,NULL,NULL,NULL,'S',1,12,'BI',1,0,0),(827,'METRO PROFESIONAL CON PROTECTOR DE HULE  DE 3MTS','A','B','BESTVALUE','U',0.00,25.00,0.00,5,0,0,NULL,0,NULL,NULL,NULL,NULL,'S',1,12,'BI',1,0,0),(828,'METRO INDUSTRIAL CON PROTECTOR DE HULE  DE 8MTS','A','B','BESTVALUE','U',0.00,56.00,0.00,11,0,0,NULL,0,NULL,NULL,NULL,NULL,'S',1,12,'BI',1,0,0),(829,'METRO DE 10MTS','A','B','HUNTER','U',0.00,50.00,0.00,4,0,0,NULL,0,NULL,NULL,NULL,NULL,'S',1,12,'BI',1,0,0),(830,'METRO DE 8MTS','A','B','TRUPER','U',0.00,50.00,0.00,3,0,0,NULL,0,NULL,NULL,NULL,NULL,'S',1,12,'BI',1,0,0),(831,'METRO DE 7.5 MTS','A','B','ROSH TOOLS','U',0.00,62.00,0.00,9,0,0,NULL,0,NULL,NULL,NULL,NULL,'S',1,12,'BI',1,0,0),(832,'METRO DE 7.5 MTS ','A','B','VIKINGO','U',0.00,37.00,0.00,3,0,0,NULL,0,NULL,NULL,NULL,NULL,'S',1,12,'BI',1,0,0),(833,'METRO DE 8 MTRS','A','B','POWER TECH','U',0.00,35.00,0.00,1,0,0,NULL,0,NULL,NULL,NULL,NULL,'S',1,12,'BI',1,0,0),(834,'METRO DE  5 MTS ','A','B','TRUPER','U',0.00,35.00,0.00,1,0,0,NULL,0,NULL,NULL,NULL,NULL,'S',1,12,'BI',1,0,0),(835,'METRO DE 3 MTS','A','B','TRUPER','U',0.00,25.00,0.00,16,0,0,NULL,0,NULL,NULL,NULL,NULL,'S',1,20,'BI',1,0,0),(836,'METRO DE 5 MTS','A','B','ROSH TOOLS ','U',0.00,45.00,0.00,9,0,0,NULL,0,NULL,NULL,NULL,NULL,'S',1,12,'BI',1,0,0),(837,'METRO DE 3 MTS','A','B','ROSH TOOLS','U',0.00,30.00,0.00,5,0,0,NULL,0,NULL,NULL,NULL,NULL,'S',1,12,'BI',1,0,0),(838,'METRO DE 5 MTS','A','B','GIO TOOLS','U',0.00,20.00,0.00,5,0,0,NULL,0,NULL,NULL,NULL,NULL,'S',1,12,'BI',1,0,0),(839,'METRO DE 5 MTS MAGNETICO ','A','B','POWER TECH','U',0.00,30.00,0.00,2,0,0,NULL,0,NULL,NULL,NULL,NULL,'S',1,20,'BI',1,0,0),(840,'METRO DE 3 MTS ','A','B','HOTECHE','U',0.00,28.00,0.00,4,0,0,NULL,0,NULL,NULL,NULL,NULL,'S',1,20,'BI',1,0,0),(841,'METRO DE 5 MTS','A','B','HUNTER','U',0.00,20.00,0.00,1,0,0,NULL,0,NULL,NULL,NULL,NULL,'S',1,20,'BI',1,0,0),(842,'METRO DE 7.5 MTS','A','B','HUNTER','U',0.00,30.00,0.00,1,0,0,NULL,0,NULL,NULL,NULL,NULL,'S',1,20,'BI',1,0,0),(843,'METRO DE 5 MTS','A','B','GIO TOOLS','U',0.00,25.00,0.00,7,0,0,NULL,0,NULL,NULL,NULL,NULL,'S',1,20,'BI',1,0,0),(844,'NIVEL PROFESIONAL DE ALUMINIO 36\"','A','B','TOOL CRAFT','U',0.00,0.00,0.00,1,0,0,NULL,0,NULL,NULL,NULL,NULL,'S',1,20,'BI',1,0,0),(845,'NIVEL PROFECIONAL DE 24\"','A','B','TRUPER','U',0.00,85.00,0.00,4,0,0,NULL,0,NULL,NULL,NULL,NULL,'S',1,20,'BI',1,0,0),(846,'NIVEL DE ALUMINIO DE 18\" ','A','B','BESTVALUE','U',0.00,45.00,0.00,2,0,0,NULL,0,NULL,NULL,NULL,NULL,'S',1,20,'BI',1,0,0),(847,'NIVEL DE ALUMINIO DE 12\"','A','B','BESTVALUE','U',0.00,35.00,0.00,2,0,0,NULL,0,NULL,NULL,NULL,NULL,'S',1,20,'BI',1,0,0),(848,'GUANTES CORRUGADO LARGO DE HULE XL ','O','B','CHOWA BELLE','U',0.00,25.00,0.00,60,0,0,NULL,0,NULL,NULL,NULL,NULL,'S',1,20,'BI',1,0,0),(849,'GUANTES CORRUGADO LARGO DE HULE M','O','B','CHOWA BELLE','U',0.00,25.00,0.00,11,0,0,NULL,0,NULL,NULL,NULL,NULL,'S',1,20,'BI',1,0,0),(850,'GUANTES CORRUGADO LARGO DE HULE L','O','B','CHOWA BELLE','U',0.00,25.00,0.00,13,0,0,NULL,0,NULL,NULL,NULL,NULL,'S',1,20,'BI',1,0,0),(851,'GUANTES CORRUGADO LARGO DE HULE M','O','B','LABEX','U',0.00,20.00,0.00,12,0,0,NULL,0,NULL,NULL,NULL,NULL,'S',1,20,'BI',1,0,0),(852,' GUANTES DE HULE M','O','B','WOLFOX','U',0.00,18.00,0.00,5,0,0,NULL,0,NULL,NULL,NULL,NULL,'S',1,20,'BI',1,0,0),(853,'GUANTES DE HULE CORTO L','O','B','DERMA CARE','U',0.00,18.00,0.00,3,0,0,NULL,0,NULL,NULL,NULL,NULL,'S',1,20,'BI',1,0,0),(854,'GUANTES DE CUERO USO RUDO INDUSTRIAL','O','B','GIO TOOLS','U',0.00,30.00,0.00,3,0,0,NULL,0,NULL,NULL,NULL,NULL,'S',1,20,'BI',1,0,0),(855,'GUANTES DE CUERO SENCILLO','O','B','CHINITO','U',0.00,25.00,0.00,3,0,0,NULL,0,NULL,NULL,NULL,NULL,'S',1,20,'BI',1,0,0),(856,'GUANTES DE CUERO USO RUDO','O','B','HUNTER','U',0.00,25.00,0.00,1,0,0,NULL,0,NULL,NULL,NULL,NULL,'S',1,20,'BI',1,0,0),(857,'GUANTES DE CUERO NARANJA USO RUDO ','O','B','CHINTO','U',0.00,40.00,0.00,5,0,0,NULL,0,NULL,NULL,NULL,NULL,'S',1,20,'BI',1,0,0),(858,'GUANTES DE CUERO SENCILLO AMARILLO','O','B','CHINITO','U',0.00,28.00,0.00,4,0,0,NULL,0,NULL,NULL,NULL,NULL,'S',1,20,'BI',1,0,0),(859,'GUANTES DE CUERO USO RUDO','O','B','SECURITY','U',0.00,28.00,0.00,1,0,0,NULL,0,NULL,NULL,NULL,NULL,'S',1,20,'BI',1,0,0),(860,'GUANTES DE CUERO USO RUDO','O','B','VIKINGO','U',0.00,25.00,0.00,1,0,0,NULL,0,NULL,NULL,NULL,NULL,'S',1,20,'BI',1,0,0),(861,'GUANTES DE CUERO LARGO','O','B','CHINITO','U',0.00,40.00,0.00,5,0,0,NULL,0,NULL,NULL,NULL,NULL,'S',1,20,'BI',1,0,0),(862,'GUANTES ANTI DESLISANTE','O','B','COVO','U',0.00,20.00,0.00,5,0,0,NULL,0,NULL,NULL,NULL,NULL,'S',1,20,'BI',1,0,0),(863,'GUANTES ANTI DESLISANTE','O','B','BOXER TOOLS','U',0.00,20.00,0.00,11,0,0,NULL,0,NULL,NULL,NULL,NULL,'S',1,20,'BI',1,0,0),(864,'GUANTES SENCILLO','O','B','BRICKELL','U',0.00,18.00,0.00,3,0,0,NULL,0,NULL,NULL,NULL,NULL,'S',1,20,'BI',1,0,0),(865,'GUANTES DE LONETA ','O','B','AKSI','U',0.00,20.00,0.00,7,0,0,NULL,0,NULL,NULL,NULL,NULL,'S',1,20,'BI',1,0,0),(866,'GUANTES DE ALGODON','P','B','VIKINGO','U',0.00,18.00,0.00,3,0,0,NULL,0,NULL,NULL,NULL,NULL,'S',1,20,'BI',1,0,0),(867,'GUANTES DE ALGODON','O','B','CHINITO','U',0.00,15.00,0.00,3,0,0,NULL,0,NULL,NULL,NULL,NULL,'S',1,20,'BI',1,0,0),(868,'SARGENTO DE 8\" ','H','B','SANTUL','U',0.00,65.00,0.00,1,0,0,NULL,0,NULL,NULL,NULL,NULL,'S',1,20,'BI',1,0,0),(869,'SARGENTO DE 10\"','H','B','CHINITO','U',0.00,95.00,0.00,1,0,0,NULL,0,NULL,NULL,NULL,NULL,'S',1,20,'BI',1,0,0),(870,'SARGENTO DE 6\"','H','B','BRICKELL','U',0.00,45.00,0.00,2,0,0,NULL,0,NULL,NULL,NULL,NULL,'S',1,20,'BI',1,0,0),(871,'SARGENTO DE 5\"','H','B','BRICKELL','U',0.00,40.00,0.00,1,0,0,NULL,0,NULL,NULL,NULL,NULL,'S',1,20,'BI',1,0,0),(872,'SARGENTO DE 4\"','H','B','BRICKELL','U',0.00,30.00,0.00,2,0,0,NULL,0,NULL,NULL,NULL,NULL,'S',1,20,'BI',1,0,0),(873,'SARGENTO DE 3\"','H','B','CHINITO','U',0.00,25.00,0.00,1,0,0,NULL,0,NULL,NULL,NULL,NULL,'S',1,20,'BI',1,0,0),(874,'LLAVE PARA FILTRO DE ACEITE  3 1/4','H','B','TRUPER','U',0.00,70.00,0.00,4,0,0,NULL,0,NULL,NULL,NULL,NULL,'S',1,20,'BI',1,0,0),(875,'ENGRASADORA ','H','B','NQP','U',0.00,105.00,0.00,2,0,0,NULL,0,NULL,NULL,NULL,NULL,'S',1,10,'BI',1,0,0),(876,'SEPILLO DE ALAMBRE CABO DE MADERA','H','B','KENDO','U',0.00,15.00,0.00,11,0,0,NULL,0,NULL,NULL,NULL,NULL,'S',1,20,'BI',1,0,0),(877,'SEPILLO DE ALAMBRE CABO DE MADERA ','H','B','CHINITO','U',0.00,12.00,0.00,9,0,0,NULL,0,NULL,NULL,NULL,NULL,'S',1,20,'BI',1,0,0),(878,'SEPILLO DE ALAMBRE CABO DE MADERA  ','H','B',' EWECO','U',0.00,15.00,0.00,1,0,0,NULL,0,NULL,NULL,NULL,NULL,'S',1,20,'BI',1,0,0),(879,'SEPILLO DE ALAMBRE CABO DE MADERA  ','H','B','COIMAN','U',0.00,15.00,0.00,7,0,0,NULL,0,NULL,NULL,NULL,NULL,'S',1,20,'BI',1,0,0),(880,'SEPILLO DE ALAMBRE CABO DE PLASTICO','H','B','POWER TECH','U',0.00,18.00,0.00,7,0,0,NULL,0,NULL,NULL,NULL,NULL,'S',1,20,'BI',1,0,0),(881,'SEPILLO DE ALAMBRE CON AGARRADERA PLASTICA','H','B','SECURITY','U',0.00,18.00,0.00,1,0,0,NULL,0,NULL,NULL,NULL,NULL,'S',1,20,'BI',1,0,0),(882,'BAYGON','H','S','SN','U',10.00,15.00,0.00,20,0,0,NULL,0,NULL,NULL,NULL,NULL,'G',1,12,'S',1,0,0),(883,'CALCULADORA','A','S','SN','U',10.00,15.00,0.00,10,0,0,NULL,0,NULL,NULL,NULL,NULL,'G',1,12,'S',1,0,0),(884,'PRUEBA BARRITA','H','S','HOLA','C',10.00,100.00,0.00,10,20,30,NULL,0,NULL,NULL,NULL,NULL,'G',1,100,'S',1,1,1);
/*!40000 ALTER TABLE `productos` ENABLE KEYS */;
UNLOCK TABLES;

--
-- Table structure for table `proveedores`
--

DROP TABLE IF EXISTS `proveedores`;
/*!40101 SET @saved_cs_client     = @@character_set_client */;
/*!50503 SET character_set_client = utf8mb4 */;
CREATE TABLE `proveedores` (
  `PR_ID` int NOT NULL,
  `PR_NOMBRE` varchar(150) DEFAULT NULL,
  `PR_NIT` varchar(15) DEFAULT NULL,
  `PR_DIRECCION` varchar(150) DEFAULT NULL,
  `PR_TELEFONO` int DEFAULT NULL,
  `PR_FECHA_ALTA` date DEFAULT NULL,
  `PR_USUARIO_ALTA` varchar(20) DEFAULT NULL,
  `PR_FECHA_MODIFICA` date DEFAULT NULL,
  `PR_USUARIO_MODIFICA` varchar(20) DEFAULT NULL,
  `PR_CORREO` varchar(50) DEFAULT NULL,
  PRIMARY KEY (`PR_ID`)
) ENGINE=InnoDB DEFAULT CHARSET=latin1;
/*!40101 SET character_set_client = @saved_cs_client */;

--
-- Dumping data for table `proveedores`
--

LOCK TABLES `proveedores` WRITE;
/*!40000 ALTER TABLE `proveedores` DISABLE KEYS */;
INSERT INTO `proveedores` VALUES (100,'wili','645664','aqui',45693221,'2022-03-25','1','2022-03-25','1','hola@10'),(101,'PRUEBA','6565+5+','PT',33546655,'2022-03-25','1','2022-04-13','1','HOY@YA'),(102,'SERGIO','7864434','ESCUINTLA',5869858,'2022-03-25','1',NULL,NULL,'SCHEJO'),(103,'FETZER DIEGO ARMANDO HERRERA REYES/ FFACSA','22216235','AUTOPISTA 61 A PUERTO QUETZAL ZONA 0 CASERIO CHICO, ESCUINTLA, ESCUINTLA',59227300,'2022-04-13','1',NULL,NULL,'PENDIENTE'),(104,'PRUEBA','7864434','ESCUINTLA',45454578,'2022-09-11','1',NULL,NULL,'SCHEJO2@GMAIL.COM'),(105,'PROVEEDOR','78644348','ESCUINTLA',5858969,'2022-09-11','1',NULL,NULL,'SCHEJO2@GMAIL.COM');
/*!40000 ALTER TABLE `proveedores` ENABLE KEYS */;
UNLOCK TABLES;

--
-- Table structure for table `usuarios`
--

DROP TABLE IF EXISTS `usuarios`;
/*!40101 SET @saved_cs_client     = @@character_set_client */;
/*!50503 SET character_set_client = utf8mb4 */;
CREATE TABLE `usuarios` (
  `usu_codigo` decimal(6,0) NOT NULL,
  `usu_nombre` varchar(50) NOT NULL,
  `usu_telefono` varchar(20) DEFAULT NULL,
  `usu_usuario` varchar(15) NOT NULL,
  `usu_password` varchar(20) NOT NULL,
  `usu_rol` char(1) NOT NULL,
  `usu_fecha_crea` date DEFAULT NULL,
  `usu_fecha_vence` date DEFAULT NULL,
  PRIMARY KEY (`usu_codigo`,`usu_usuario`)
) ENGINE=InnoDB DEFAULT CHARSET=latin1;
/*!40101 SET character_set_client = @saved_cs_client */;

--
-- Dumping data for table `usuarios`
--

LOCK TABLES `usuarios` WRITE;
/*!40000 ALTER TABLE `usuarios` DISABLE KEYS */;
INSERT INTO `usuarios` VALUES (1,'admin1','45878587','system','admin','A','0002-11-30','0002-11-30'),(2,'1','1','1','1','s','2020-11-01','2020-01-01'),(3,'Hector Mazariegos','30196005','Teto_0591','admin','A','2022-09-01','2022-12-31'),(4,'Dennys tezen','50145853','dtezen','HolaMundo2022!','A','2022-09-01','2022-11-30'),(5,'Jason','32498694','jason','jason','A','2022-09-01','2022-12-30');
/*!40000 ALTER TABLE `usuarios` ENABLE KEYS */;
UNLOCK TABLES;

--
-- Table structure for table `ventas`
--

DROP TABLE IF EXISTS `ventas`;
/*!40101 SET @saved_cs_client     = @@character_set_client */;
/*!50503 SET character_set_client = utf8mb4 */;
CREATE TABLE `ventas` (
  `ven_pro_codigo` decimal(12,0) NOT NULL,
  `ven_correlativo` decimal(12,0) NOT NULL,
  `ven_cantidad` decimal(8,0) NOT NULL,
  `ven_precio` decimal(9,2) NOT NULL,
  `ven_usuario` varchar(15) NOT NULL,
  `ven_fecha` date DEFAULT NULL,
  `ven_descuento` decimal(9,2) DEFAULT NULL,
  `ven_total` decimal(9,2) DEFAULT NULL,
  `ven_tipo_pago` char(1) DEFAULT NULL,
  PRIMARY KEY (`ven_pro_codigo`,`ven_correlativo`)
) ENGINE=InnoDB DEFAULT CHARSET=latin1;
/*!40101 SET character_set_client = @saved_cs_client */;

--
-- Dumping data for table `ventas`
--

LOCK TABLES `ventas` WRITE;
/*!40000 ALTER TABLE `ventas` DISABLE KEYS */;
INSERT INTO `ventas` VALUES (106,1,1,100.00,'1','2022-09-01',0.00,100.00,NULL);
/*!40000 ALTER TABLE `ventas` ENABLE KEYS */;
UNLOCK TABLES;
/*!40103 SET TIME_ZONE=@OLD_TIME_ZONE */;

/*!40101 SET SQL_MODE=@OLD_SQL_MODE */;
/*!40014 SET FOREIGN_KEY_CHECKS=@OLD_FOREIGN_KEY_CHECKS */;
/*!40014 SET UNIQUE_CHECKS=@OLD_UNIQUE_CHECKS */;
/*!40101 SET CHARACTER_SET_CLIENT=@OLD_CHARACTER_SET_CLIENT */;
/*!40101 SET CHARACTER_SET_RESULTS=@OLD_CHARACTER_SET_RESULTS */;
/*!40101 SET COLLATION_CONNECTION=@OLD_COLLATION_CONNECTION */;
/*!40111 SET SQL_NOTES=@OLD_SQL_NOTES */;

-- Dump completed on 2022-09-14 11:42:58
